seed,estimator,est,truth,se_naive,se_sandwich,se_wls_default,se_wls_freq,se_wls_robust,se_boot,se_paired,se_unpaired,pairs,se_boot_sets,se_ai,distinct,max_reuse
20260808,odds,5600.834957830739,6408.3234333264845,366.3260236480427,240.62755105037223,240.74174473590384,503.4690532366546,366.3023409993919,224.7758631295265,,,,,,,
20260808,ipw_ate,4284.725670207095,5411.563315091016,605.6100319256268,493.97202845517074,297.27801090074854,210.4623694662345,608.3931959763162,476.8482987440621,,,,,,,
20260808,dr_att,5550.882894730926,6408.3234333264845,262.5907620888012,,,,,240.4326477626596,,,,,,,
20260808,dr_ate,4584.1909514100535,5411.563315091016,413.89168921898784,,,,,394.6227156099388,,,,,,,
20260808,sub20,5626.865972198195,6408.3234333264845,320.43224323452625,,,,,222.7832401382749,,,,,,,
20260808,sub20_reg,5727.941712601671,6408.3234333264845,,,,,,216.42949059847055,,,,,,,
20260808,match,4921.475431921021,6405.142297408474,,,,,,392.9159181087562,443.3759171252194,506.6097605436279,4862.0,427.8330773947621,,,
20260808,match_repl,4933.365993009868,6406.359165296053,,,521.5276888667283,505.9041523047835,530.5168551808091,540.3826550216945,442.66594272589833,,4864.0,428.2104856742368,463.0977218340149,4290.0,4.0
20260808,maha,6639.610388728918,6405.142297408474,,,,,,,337.196728289519,,4862.0,343.4515784193797,,,
20260808,maha13,6192.549797599108,6375.424064070352,,,,,,,285.3932246908041,,4776.0,293.03890977545973,,,
20260809,odds,5658.718343033281,6452.129498334721,372.3762434322979,246.81042185603016,241.5712754621289,508.6222856793794,372.3512584364434,272.8114517274708,,,,,,,
20260809,ipw_ate,4114.4011403362965,5408.47094119028,662.3040910491728,552.3739871909985,308.4028790791129,218.24464937528165,664.3041319816683,564.2229117225768,,,,,,,
20260809,dr_att,5634.798118589861,6452.129498334721,274.233011266094,,,,,279.35805255188217,,,,,,,
20260809,dr_ate,4538.927111582178,5408.47094119028,468.47902726539786,,,,,502.9860399212919,,,,,,,
20260809,sub20,5636.012133173308,6452.129498334721,325.8239884405485,,,,,277.15002518573124,,,,,,,
20260809,sub20_reg,5878.047591259701,6452.129498334721,,,,,,262.818408297693,,,,,,,
20260809,match,5569.408964799,6449.233615913351,,,,,,446.80304447755685,426.74549712475687,504.8718301562976,4801.0,424.151596751926,,,
20260809,match_repl,5648.698735943357,6450.0241566014165,,,518.9477738314691,502.63993576078445,524.1903934934826,452.01462830055,427.140539991389,,4802.0,445.0387026198446,445.8243676179681,4208.0,6.0
20260809,maha,6058.114469902103,6449.233615913351,,,,,,,341.84351662381096,,4801.0,355.8361201686839,,,
20260809,maha13,5846.749066953097,6386.311593984962,,,,,,,297.91960808880475,,4655.0,301.65827320108707,,,
20260810,odds,5703.173494863055,6420.216225941424,361.4907769473455,237.1417780079504,236.54902881673385,499.7089163101757,361.4345232017953,248.7003959669661,,,,,,,
20260810,ipw_ate,3644.4662664490015,5403.436481173411,586.5267006916358,481.2260049801023,294.55501758996786,208.76207903414397,591.6271119600414,465.6186268666238,,,,,,,
20260810,dr_att,5672.525384187342,6420.216225941424,264.70982100001646,,,,,264.50525342797795,,,,,,,
20260810,dr_ate,4266.9052763994005,5403.436481173411,400.9586171177602,,,,,408.5737552098448,,,,,,,
20260810,sub20,5822.690554658792,6420.216225941424,319.7169101123345,,,,,254.20240251771145,,,,,,,
20260810,sub20_reg,6059.185118455021,6420.216225941424,,,,,,240.6701126294651,,,,,,,
20260810,match,5984.337899916248,6418.025582077052,,,,,,423.4100057926056,435.0548635388794,492.8098391625096,4776.0,458.6784133590002,,,
20260810,match_repl,6112.392300125576,6419.324005860193,,,507.3035481153669,492.21146219087257,511.3283582453538,518.8511641287611,435.239689891994,,4778.0,403.4714803977194,452.2842878817864,4218.0,5.0
20260810,maha,6681.412569095477,6418.025582077052,,,,,,,335.34071260946155,,4776.0,340.88454256202016,,,
20260810,maha13,6430.096975269046,6371.678584562755,,,,,,,287.5563272432797,,4677.0,311.8593141859279,,,
20260811,odds,5611.367751165726,6486.938291734862,362.7821902597646,236.73094646687,239.931960137036,500.3438721912445,362.77874129054754,231.91466593890135,,,,,,,
20260811,ipw_ate,4237.592083505857,5441.603563496919,659.7411901613959,547.7729791590563,305.01364896338794,215.7603420556475,660.7155177204488,584.4690558358568,,,,,,,
20260811,dr_att,5489.508721030621,6486.938291734862,263.60760600754173,,,,,244.02391959565384,,,,,,,
20260811,dr_ate,4544.923096727794,5441.603563496919,456.49143122115663,,,,,485.33086630998287,,,,,,,
20260811,sub20,5557.079011444916,6486.938291734862,317.65132939305767,,,,,242.1162665740637,,,,,,,
20260811,sub20_reg,5808.815640117313,6486.938291734862,,,,,,203.1331063712319,,,,,,,
20260811,match,5413.984539487179,6478.049821538462,,,,,,398.76653802768783,442.5027130692407,502.91536327202977,4875.0,448.5950009899885,,,
20260811,match_repl,5427.760714139554,6486.235144260282,,,520.6069285634887,502.9393702847872,530.1547756625167,486.733989429321,441.5309706334307,,4887.0,430.7734912973508,457.8566291323164,4235.0,7.0
20260811,maha,6636.68874640952,6477.541417726713,,,,,,,327.7513466483864,,4874.0,317.95312654255474,,,
20260811,maha13,6419.389721634954,6419.213729386892,,,,,,,283.51799874591086,,4730.0,300.229718532634,,,
20260812,odds,6298.471806817106,6456.078645724984,376.0211983277219,245.20070124502843,243.84523303528948,513.5635478590868,376.005378637691,256.6158528344096,,,,,,,
20260812,ipw_ate,5103.193720193369,5421.5408378866405,588.5335688452562,468.3769762492527,296.7454922229147,209.9124421670853,589.4145796824876,477.73903587254114,,,,,,,
20260812,dr_att,6303.08433767032,6456.078645724984,268.3243480573512,,,,,270.10944750617693,,,,,,,
20260812,dr_ate,5335.741690722747,5421.5408378866405,394.8291157510768,,,,,414.6589604459928,,,,,,,
20260812,sub20,6241.887132673308,6456.078645724984,333.37910689989974,,,,,268.71542392834425,,,,,,,
20260812,sub20_reg,6443.65139568955,6456.078645724984,,,,,,248.62250662450217,,,,,,,
20260812,match,6276.569001040582,6455.427182101977,,,,,,425.7090457064456,465.2846625796406,524.6840628702554,4805.0,471.5341070666656,,,
20260812,match_repl,6077.921597670064,6456.078645724984,,,546.9401413157354,529.2712433317566,563.5449221274032,519.0776144578842,468.1036782533081,,4807.0,461.6514543023031,492.3825028345066,4196.0,6.0
20260812,maha,7246.51273257024,6455.427182101977,,,,,,,338.4146938474515,,4805.0,334.24294719835063,,,
20260812,maha13,6764.760801957031,6406.55075941289,,,,,,,295.6330511570324,,4701.0,304.99221185032724,,,
20260813,odds,5222.429516671091,6451.494394824708,362.3971908848592,239.62747827389973,238.82382552885315,502.8813993879433,362.36945434086255,262.17076069455425,,,,,,,
20260813,ipw_ate,3727.01719478429,5415.930238369768,645.0762182754746,535.6998137855744,302.1098616865784,213.7221657159781,646.2382825982021,570.760971378991,,,,,,,
20260813,dr_att,5169.175511888165,6451.494394824708,268.77883230689366,,,,,269.3762425616726,,,,,,,
20260813,dr_ate,3861.886457275673,5415.930238369768,448.8061299749009,,,,,494.9363262011773,,,,,,,
20260813,sub20,5163.256808532056,6451.494394824708,317.3704550504442,,,,,264.200319828577,,,,,,,
20260813,sub20_reg,5271.021451976481,6451.494394824708,,,,,,248.55159859673552,,,,,,,
20260813,match,4928.490507201001,6450.931275307868,,,,,,433.2209402687911,450.4903765446985,528.9557732108232,4791.0,464.5572902669661,,,
20260813,match_repl,5095.227125860989,6450.931275307868,,,543.0465311023455,525.7366761367979,551.7438941300355,545.1052086458626,447.9030366064442,,4791.0,438.6286560474494,468.2191287625435,4190.0,6.0
20260813,maha,5662.960703402213,6450.931275307868,,,,,,,339.9975663314958,,4791.0,336.7767269022673,,,
20260813,maha13,5394.7503297170815,6409.758770474366,,,,,,,276.5647082029055,,4701.0,278.61392914848847,,,
20260814,odds,5625.58781429163,6439.576146131805,368.3778513359542,248.4949130274192,239.5580152934212,500.76034732178886,368.3052607962218,263.71108333021255,,,,,,,
20260814,ipw_ate,4372.167327300296,5432.09115464738,697.8451457684087,595.5041216852079,308.1027335459457,218.09797019761933,700.8447117268303,599.691613252804,,,,,,,
20260814,dr_att,5516.9683989084015,6439.576146131805,273.6581070329183,,,,,290.51074172664875,,,,,,,
20260814,dr_ate,4599.012081110768,5432.09115464738,514.1200693128874,,,,,509.9574875957328,,,,,,,
20260814,sub20,5556.663745890895,6439.576146131805,321.4147927108152,,,,,263.1080456138241,,,,,,,
20260814,sub20_reg,5660.007398987021,6439.576146131805,,,,,,239.96701111441817,,,,,,,
20260814,match,5522.17705267473,6435.681422422627,,,,,,379.52090805878,448.72135159892207,509.5627749739804,4879.0,469.5567458991998,,,
20260814,match_repl,5377.388390992835,6438.714587512794,,,536.2065161072378,518.4563681787731,558.1297301704141,538.3201851925706,460.10269941822594,,4885.0,474.1527148086961,486.23822155298177,4249.0,6.0
20260814,maha,5794.172760811642,6435.681422422627,,,,,,,351.34676560104424,,4879.0,347.28634647096857,,,
20260814,maha13,5787.329660565257,6387.509095308226,,,,,,,288.1067166278418,,4753.0,281.104645063747,,,
20260815,odds,5651.756522129337,6465.119896172639,361.3172476876781,233.7407168600937,239.84200358384325,500.2962194656005,361.2804359865603,227.3414852148389,,,,,,,
20260815,ipw_ate,4206.455423794243,5428.179960002807,575.4674841069673,461.3370975927016,296.0142359330476,209.42225672693365,576.62031042832,468.5984881934073,,,,,,,
20260815,dr_att,5576.536027034985,6465.119896172639,259.7664991648282,,,,,243.9104104220608,,,,,,,
20260815,dr_ate,4474.55217453978,5428.179960002807,389.48489142354816,,,,,390.0330004628496,,,,,,,
20260815,sub20,5598.543394385378,6465.119896172639,315.5240438470286,,,,,226.9020314177312,,,,,,,
20260815,sub20_reg,5834.214046542644,6465.119896172639,,,,,,224.3195579593816,,,,,,,
20260815,match,6083.566287169043,6463.003556008147,,,,,,425.4095057919445,429.5221206519464,489.3335739226504,4910.0,417.8142019649642,,,
20260815,match_repl,5977.444458248472,6463.003556008147,,,508.66879173214215,493.4953495968294,521.5863079049251,502.9025569722442,432.7043343389142,,4910.0,413.6463991874799,450.5869153375218,4333.0,5.0
20260815,maha,6376.928228105905,6463.003556008147,,,,,,,324.7904360294137,,4910.0,337.42866739740896,,,
20260815,maha13,6032.46374195354,6407.003047858942,,,,,,,282.589578936536,,4764.0,275.4123093702488,,,
20260816,odds,5758.407501048416,6403.050498036784,377.40446196508015,248.191623769165,245.53493645005065,515.4901347881962,377.4247527702592,253.85572696459704,,,,,,,
20260816,ipw_ate,4345.142564448295,5418.759810506566,645.0018759929343,534.8451380689357,307.32338851833543,217.5930203961191,648.1318700524528,492.8037848248097,,,,,,,
20260816,dr_att,5686.2336444493285,6403.050498036784,273.0281896655677,,,,,258.36849620814144,,,,,,,
20260816,dr_ate,4732.98611825593,5418.759810506566,447.3220261385216,,,,,422.6395093164114,,,,,,,
20260816,sub20,5815.142585800624,6403.050498036784,334.5468729799379,,,,,261.1835961664756,,,,,,,
20260816,sub20_reg,5981.07619498602,6403.050498036784,,,,,,247.09541066845856,,,,,,,
20260816,match,5869.784531152971,6398.417770647899,,,,,,380.5054665814785,450.0221495288612,510.2935286756437,4831.0,467.37550530195614,,,
20260816,match_repl,5693.657242662257,6402.31512195122,,,525.8039375904378,508.59147352606095,530.4432650397332,465.4053662743187,448.4765433128434,,4838.0,450.00364591251247,470.8673566827891,4215.0,6.0
20260816,maha,6756.633819085076,6398.417770647899,,,,,,,342.09421804411824,,4831.0,336.55403706497805,,,
20260816,maha13,6373.506380407124,6346.567198897371,,,,,,,295.0343541771068,,4716.0,284.92034409937304,,,
20260817,odds,5867.414098379508,6435.667788259959,370.75262382130944,247.57632958637447,239.08008456516288,505.8352627826324,370.7288355290865,225.48989218922304,,,,,,,
20260817,ipw_ate,4150.43206300943,5406.902044629686,609.5326359066819,501.034118161304,297.66947051945726,210.67738339329875,611.661856279498,453.9059896117971,,,,,,,
20260817,dr_att,5746.924686205207,6435.667788259959,273.2281838553806,,,,,238.37307969206051,,,,,,,
20260817,dr_ate,4582.973894993364,5406.902044629686,423.28164866263705,,,,,394.906031184942,,,,,,,
20260817,sub20,5787.61436402699,6435.667788259959,328.70827942428934,,,,,227.97298529301327,,,,,,,
20260817,sub20_reg,6038.65253199998,6435.667788259959,,,,,,217.74338559428733,,,,,,,
20260817,match,6042.209561844864,6435.667788259959,,,,,,401.0578772827959,432.6579991785707,491.9600342471583,4770.0,403.32104293890535,,,
20260817,match_repl,6022.952062893081,6435.667788259959,,,509.0284962159116,492.3166751437735,516.9889900112149,484.7000264876184,434.9049328147936,,4770.0,433.1429231259048,454.7551122406699,4154.0,5.0
20260817,maha,6595.395742138365,6435.667788259959,,,,,,,343.1046140535587,,4770.0,332.4785710845608,,,
20260817,maha13,6387.303993974608,6387.541134064988,,,,,,,291.3285618433537,,4647.0,277.4851006317553,,,
20260818,odds,5662.905500947614,6438.557412316476,356.5854953520548,238.91834053785087,237.4839899726045,495.81805286848754,356.611043875414,222.42058749786048,,,,,,,
20260818,ipw_ate,3678.5726051053934,5406.403528269213,587.8239231045904,481.3075685962788,294.19529070146973,208.10651433778847,588.6319654201676,506.7324402164546,,,,,,,
20260818,dr_att,5588.515844988,6438.557412316476,263.28016657591365,,,,,237.60667842332452,,,,,,,
20260818,dr_ate,4099.536421877715,5406.403528269213,402.915486597817,,,,,403.9806899345921,,,,,,,
20260818,sub20,5600.548456871404,6438.557412316476,314.8490199931736,,,,,231.830790605878,,,,,,,
20260818,sub20_reg,5964.859778916663,6438.557412316476,,,,,,204.98985582995007,,,,,,,
20260818,match,5710.648750255258,6435.642893608332,,,,,,440.0577812041133,431.9547925466114,490.8054866414015,4897.0,437.8873070466445,,,
20260818,match_repl,5862.555346938776,6435.4248795918365,,,504.612726312627,488.9979033200482,511.8374142468891,501.52666407972913,430.355435702724,,4900.0,446.4618825229748,446.248259776261,4303.0,5.0
20260818,maha,6156.1006309985705,6435.642893608332,,,,,,,341.4960034427117,,4897.0,335.83507389787536,,,
20260818,maha13,6249.149208359283,6394.79495329043,,,,,,,287.7985572017324,,4817.0,288.95350548782886,,,
20260819,odds,5516.112272235416,6406.527991869919,363.1947927385471,240.598687373399,241.6010671908556,503.1689947695838,363.1516994326876,259.1269250227284,,,,,,,
20260819,ipw_ate,3574.5563365076305,5413.843041930194,531.5562854563977,419.0963196278761,289.7691842893873,204.98261890664648,532.4101054420544,416.94697739605215,,,,,,,
20260819,dr_att,5371.486150317965,6406.527991869919,263.1540597674085,,,,,263.719187732807,,,,,,,
20260819,dr_ate,3932.646229216024,5413.843041930194,357.67548321905235,,,,,374.49797852367016,,,,,,,
20260819,sub20,5404.633183905641,6406.527991869919,326.2933840221981,,,,,273.52745086389507,,,,,,,
20260819,sub20_reg,5800.66898360592,6406.527991869919,,,,,,261.94853501326355,,,,,,,
20260819,match,5332.05743495935,6406.527991869919,,,,,,436.4994012473863,445.0134610920445,497.1349733116596,4920.0,464.0234281603767,,,
20260819,match_repl,5481.527483739837,6406.527991869919,,,513.4645587578835,497.7222223878563,523.636589638375,551.0624367433803,444.5593831983446,,4920.0,431.1131803514671,464.9175276372854,4326.0,5.0
20260819,maha,6097.551180894309,6406.527991869919,,,,,,,337.22584776595875,,4920.0,332.7317512001952,,,
20260819,maha13,6081.886273980193,6359.708589237482,,,,,,,283.4594410909505,,4813.0,271.3534033814913,,,
20260820,odds,6040.8863521216335,6409.926448828607,374.3122816819149,242.1981418054677,244.39513923947737,511.97230907657695,374.28670898115166,254.99386308765324,,,,,,,
20260820,ipw_ate,4454.955901455847,5409.771593968767,592.8523824704931,466.9850105717033,300.7647404119533,212.80947955287823,594.307117274609,469.28730184778254,,,,,,,
20260820,dr_att,5948.856215614995,6409.926448828607,265.01511211960127,,,,,266.74073580210904,,,,,,,
20260820,dr_ate,4708.469894587691,5409.771593968767,390.4645392277744,,,,,425.9616725773456,,,,,,,
20260820,sub20,5952.070266286248,6409.926448828607,330.6579764498315,,,,,267.29056160470634,,,,,,,
20260820,sub20_reg,6219.546342172001,6409.926448828607,,,,,,256.4428649467318,,,,,,,
20260820,match,5985.166095003085,6407.477927205428,,,,,,448.06307893015816,432.94541749732383,503.8481613477081,4863.0,420.8395140184816,,,
20260820,match_repl,5808.183590376311,6407.477927205428,,,520.3242553099841,504.8162512319462,525.9963491512044,545.7239670815466,434.2302054765149,,4863.0,455.023218011462,449.6701739722893,4292.0,5.0
20260820,maha,6526.788990335184,6407.477927205428,,,,,,,344.02231985056954,,4863.0,363.7603261926501,,,
20260820,maha13,6319.388353145639,6375.790302398332,,,,,,,291.60550341803594,,4795.0,274.5053165928018,,,
20260821,odds,5746.401134037427,6466.451613310867,367.8671353342307,241.11804307322328,240.3507761005445,509.721726406305,367.8400152055252,229.94033656525195,,,,,,,
20260821,ipw_ate,4195.49383832141,5408.87850276269,642.3406851253987,524.7373067512983,303.95871013774,215.00009393141568,643.159556937059,480.0042106535612,,,,,,,
20260821,dr_att,5606.349976461227,6466.451613310867,267.9439659785127,,,,,239.18578258589812,,,,,,,
20260821,dr_ate,4323.850815965855,5408.87850276269,434.9733356127351,,,,,396.8922775380456,,,,,,,
20260821,sub20,5675.857596429923,6466.451613310867,322.1109171463343,,,,,236.8332523383484,,,,,,,
20260821,sub20_reg,5750.030401187251,6466.451613310867,,,,,,222.44497070990985,,,,,,,
20260821,match,5656.560948566611,6462.935925379427,,,,,,449.1980717035512,438.70117223523766,512.979281637969,4744.0,467.62674307622206,,,
20260821,match_repl,5559.809391322662,6466.451613310868,,,528.8439427855703,512.5217543694026,533.7140180042047,522.9779028758595,437.59666436901887,,4748.0,420.0509532611148,452.4703277327639,4171.0,7.0
20260821,maha,6147.449158937606,6462.935925379427,,,,,,,332.73513980553446,,4744.0,319.7204733632263,,,
20260821,maha13,6093.29941882908,6430.129669740511,,,,,,,283.20684906544426,,4663.0,270.63583528937056,,,
20260822,odds,6321.328299514706,6494.152827324479,386.3732282479128,256.6716526352872,243.5915268701225,516.6156803003267,386.3505444974999,284.5737981697129,,,,,,,
20260822,ipw_ate,4999.610433730988,5406.279718062293,640.6470395535989,526.3215268083427,302.90097318648344,214.35872116102337,642.664368879554,556.745252159772,,,,,,,
20260822,dr_att,6286.864824733937,6494.152827324479,276.038851342089,,,,,290.5749552410831,,,,,,,
20260822,dr_ate,5314.664248752392,5406.279718062293,440.2297725664715,,,,,478.7315857200007,,,,,,,
20260822,sub20,6244.246051679433,6494.152827324479,343.8358667520887,,,,,292.3118671216209,,,,,,,
20260822,sub20_reg,6491.407943117918,6494.152827324479,,,,,,272.6645065280857,,,,,,,
20260822,match,6424.28602826408,6492.840649651972,,,,,,391.29031976301246,447.8727522860936,518.2463978743565,4741.0,403.3579287395743,,,
20260822,match_repl,6537.71120649652,6492.840649651972,,,534.9959545008425,516.913607241409,541.2064374374596,488.5601478909141,447.3241931543377,,4741.0,450.4492239703622,465.8909370364254,4111.0,6.0
20260822,maha,7121.62825564227,6492.840649651972,,,,,,,365.7815970607255,,4741.0,386.41606771198167,,,
20260822,maha13,6820.7137007534975,6447.623513455327,,,,,,,307.3779949856641,,4645.0,322.0117705503081,,,
20260823,odds,5421.170911838279,6400.772082018927,348.6698266909521,229.9181329832664,231.2729644598861,489.3099601844905,348.6691743171386,241.24728423163816,,,,,,,
20260823,ipw_ate,3639.781387921059,5418.512639035737,569.1462491255652,461.6658065098553,289.0897576159836,204.36746417105627,568.6507929157093,560.4183580353748,,,,,,,
20260823,dr_att,5342.425650012094,6400.772082018927,260.2152004584646,,,,,251.65113344979463,,,,,,,
20260823,dr_ate,3704.427194614572,5418.512639035737,393.65934604683946,,,,,464.4088698000968,,,,,,,
20260823,sub20,5254.888214273029,6400.772082018927,301.6931055893561,,,,,233.36340784086585,,,,,,,
20260823,sub20_reg,5439.416758412593,6400.772082018927,,,,,,232.01466973372032,,,,,,,
20260823,match,5953.413776842105,6397.357694736841,,,,,,374.16510728304746,405.3798537595408,477.47631959669866,4750.0,390.8375956373683,,,
20260823,match_repl,5828.1422570466975,6399.997170803534,,,494.0672227071509,479.2935503566016,500.80265589579017,508.3613293651845,405.0358196167533,,4754.0,419.5147609157,418.2499830622498,4194.0,5.0
20260823,maha,5768.991488421053,6397.357694736841,,,,,,,338.03868462878484,,4750.0,316.0701304464169,,,
20260823,maha13,5819.603962843872,6356.309127545552,,,,,,,277.0732827605785,,4665.0,267.65316668661666,,,
20260824,odds,5928.1808240207065,6424.942357157485,364.75379380244425,239.35782039689445,240.02077745139104,501.9784989559666,364.6998482919668,249.34695703988788,,,,,,,
20260824,ipw_ate,4289.190572188541,5424.378838548127,617.4346068176438,508.4100172567813,299.15788623940034,211.8880316810963,621.35000162481,548.0991116749917,,,,,,,
20260824,dr_att,5762.505523117325,6424.942357157485,263.8832319899664,,,,,264.7572297301638,,,,,,,
20260824,dr_ate,4795.088238006376,5424.378838548127,423.14263265426496,,,,,459.77360064525385,,,,,,,
20260824,sub20,5950.7308905149575,6424.942357157485,322.65017385659365,,,,,252.61526336374504,,,,,,,
20260824,sub20_reg,6143.0698679331545,6424.942357157485,,,,,,233.1993236043532,,,,,,,
20260824,match,6159.238470998155,6421.532387784382,,,,,,419.50807154124266,432.64516184862094,489.3048243994317,4879.0,430.1240179887338,,,
20260824,match_repl,6037.024598525194,6423.800010241704,,,509.5037527895007,492.49203758146905,522.0437823838813,497.9371820163872,433.3338919816646,,4882.0,420.9490212227949,450.9256567985327,4241.0,6.0
20260824,maha,6650.566226685796,6421.532387784382,,,,,,,332.49544355643263,,4879.0,318.83295586172056,,,
20260824,maha13,6507.671210599721,6380.281648535565,,,,,,,282.7693745092022,,4780.0,286.8958836418849,,,
20260825,odds,5742.416219341492,6337.362647809443,384.8582141441028,255.1532341664469,245.06375394356203,521.6183325641232,384.861797139808,273.4515647462682,,,,,,,
20260825,ipw_ate,4341.955070329357,5384.52243344133,691.4866086161884,582.9027957474538,308.8929257828356,218.6294878972751,694.0071846005914,606.4763442984216,,,,,,,
20260825,dr_att,5677.247482142222,6337.362647809443,278.4141901644901,,,,,276.95791339540386,,,,,,,
20260825,dr_ate,4605.942076021651,5384.52243344133,502.8539182081431,,,,,520.5624173982712,,,,,,,
20260825,sub20,5777.999395523117,6337.362647809443,338.3240270551667,,,,,268.1609473304696,,,,,,,
20260825,sub20_reg,5901.934010701852,6337.362647809443,,,,,,256.8032932542278,,,,,,,
20260825,match,5810.284478057093,6332.641672347678,,,,,,382.39014561724406,449.0514693459458,519.4021785455604,4694.0,484.6603373915456,,,
20260825,match_repl,6046.5381,6335.677451063831,,,527.0703992380443,511.6461495114253,532.2036300367652,480.7628029638335,442.0249004827453,,4700.0,441.2673906803968,458.056933954386,4158.0,4.0
20260825,maha,5834.19231146144,6332.641672347678,,,,,,,359.7200216420895,,4694.0,357.25102890282125,,,
20260825,maha13,6015.256681153122,6292.76737940026,,,,,,,297.2173982445772,,4602.0,307.55981491308273,,,
20260826,odds,5921.049258647799,6469.910489063145,383.5392016598248,249.4983227511523,244.6262922200921,513.5545336047343,383.5458152070329,248.1943039990506,,,,,,,
20260826,ipw_ate,5007.0275996065175,5397.301278598693,690.926662852642,570.2264379628098,310.79187940792497,219.86228975693385,692.1124489437193,575.3309975983378,,,,,,,
20260826,dr_att,5961.095535066248,6469.910489063145,273.2313699020231,,,,,256.1303662194172,,,,,,,
20260826,dr_ate,5222.927134764389,5397.301278598693,477.4154141608044,,,,,481.1453595190879,,,,,,,
20260826,sub20,5874.918142583992,6469.910489063145,337.23756533251714,,,,,247.68884086556665,,,,,,,
20260826,sub20_reg,6032.964499781947,6469.910489063145,,,,,,236.68334330106728,,,,,,,
20260826,match,6279.483373269986,6467.115955381119,,,,,,449.8578142000997,441.1314331324775,507.0801643861397,4841.0,463.7972005650362,,,
20260826,match_repl,6392.723628482972,6468.78652631579,,,518.623580870371,501.36664696636,525.9228002279475,533.0486227591956,435.03797994733407,,4845.0,439.2704214825508,457.9743358515001,4211.0,6.0
20260826,maha,6693.905509192316,6467.115955381119,,,,,,,341.3912710347946,,4841.0,350.78605287601164,,,
20260826,maha13,6254.734721927028,6404.101793836345,,,,,,,298.9934479568823,,4705.0,285.6308131340669,,,
20260827,odds,4979.900485682421,6372.738443227302,358.6774988938843,237.5321699932356,238.9648244421149,505.61221182529295,358.63669987744714,221.6602441061284,,,,,,,
20260827,ipw_ate,2858.601257236281,5372.973782785631,563.0975355558688,458.4648363761284,294.19865173010623,208.35028593943449,566.3332048923892,405.1583443679799,,,,,,,
20260827,dr_att,4833.511043621148,6372.738443227302,266.05910527922225,,,,,230.02755488668663,,,,,,,
20260827,dr_ate,3375.315155278008,5372.973782785631,387.7166989495676,,,,,357.114412432325,,,,,,,
20260827,sub20,5039.970665366986,6372.738443227302,319.8158151759444,,,,,225.0380901585222,,,,,,,
20260827,sub20_reg,5270.163478236804,6372.738443227302,,,,,,218.6865641144116,,,,,,,
20260827,match,5461.695244416351,6373.017380952381,,,,,,457.141462271854,446.5634260256154,496.8842925807474,4746.0,437.2907884548629,,,
20260827,match_repl,5450.938786346397,6373.017380952381,,,515.0149789415382,498.3842902600148,523.0791398425911,524.2020859370805,450.3642635840263,,4746.0,449.08406437742,468.2686825137063,4143.0,5.0
20260827,maha,5915.091531816266,6373.017380952381,,,,,,,346.5094589115446,,4746.0,378.1579745774992,,,
20260827,maha13,5593.655717987476,6326.380224573526,,,,,,,286.72191561214186,,4631.0,280.90196566249546,,,
20260828,odds,5913.696400400815,6529.009290707237,376.7203598683951,248.17696595415464,246.34788171283765,515.4405287822418,376.6675244697117,241.3481814864361,,,,,,,
20260828,ipw_ate,4506.061217617513,5412.590149050537,652.5938740746855,533.3494389154989,312.02068241856523,220.86580627095796,655.2732511702008,531.1414856883289,,,,,,,
20260828,dr_att,5698.328904707771,6529.009290707237,273.40737861184743,,,,,250.52660200660088,,,,,,,
20260828,dr_ate,4803.628150971575,5412.590149050537,445.2662107569615,,,,,435.1787495256745,,,,,,,
20260828,sub20,5870.030988319957,6529.009290707237,329.97583342340886,,,,,248.65880660518516,,,,,,,
20260828,sub20_reg,6001.093295491944,6529.009290707237,,,,,,232.5201327792892,,,,,,,
20260828,match,6094.849481907895,6529.009290707237,,,,,,446.3510212754867,443.4746943572229,514.0817263892081,4864.0,457.0972949616737,,,
20260828,match_repl,5939.735606496711,6529.009290707237,,,537.7698899534228,519.575133179447,552.850561388555,516.4355281281139,446.4295456812553,,4864.0,449.9156657548948,469.80578222225085,4217.0,5.0
20260828,maha,6505.05810649671,6529.009290707237,,,,,,,351.5162224020276,,4864.0,367.08048849340014,,,
20260828,maha13,6306.587631890724,6486.961695588542,,,,,,,294.25108384273176,,4783.0,297.6702089904052,,,
20260829,odds,5872.72996365371,6460.204913098771,367.62694627063,238.71028847407416,239.8622079895926,509.6748928075718,367.6627808762906,238.6847048716389,,,,,,,
20260829,ipw_ate,4210.0771364510365,5399.247808544119,583.2426488668609,461.51418199698224,294.41081670792147,208.02290916534932,581.5981612580119,442.9242203853808,,,,,,,
20260829,dr_att,5802.018295543099,6460.204913098771,264.5417941739561,,,,,245.1427345705794,,,,,,,
20260829,dr_ate,4442.343722538414,5399.247808544119,382.35684003120224,,,,,363.7835222774589,,,,,,,
20260829,sub20,5711.746762108804,6460.204913098771,327.1766467677305,,,,,243.681302207949,,,,,,,
20260829,sub20_reg,6117.36444955867,6460.204913098771,,,,,,231.5594186240977,,,,,,,
20260829,match,5791.578420606317,6459.38900996396,,,,,,446.4918196914264,446.5305810872816,510.53145427090624,4717.0,432.1892380642879,,,
20260829,match_repl,5601.528160237389,6460.20491309877,,,527.8162448645063,511.4205076373578,537.6624055828593,506.281244979195,447.8219475167135,,4718.0,446.2705763620186,464.3444692916833,4141.0,6.0
20260829,maha,6350.665319058724,6459.38900996396,,,,,,,339.5091669930349,,4717.0,329.71134503792445,,,
20260829,maha13,6301.843752352005,6414.342646547981,,,,,,,289.2816701729814,,4606.0,277.7244971899054,,,
20260830,odds,5394.961684358143,6414.334134453782,358.06032491658834,234.3361354624108,237.44494615349808,502.5688382024092,358.0523746709321,238.8054387818728,,,,,,,
20260830,ipw_ate,3745.560151789097,5424.89578383322,605.2050362476747,495.8913072279288,296.80272175030314,210.0393200051935,607.0262480432747,501.8677072057574,,,,,,,
20260830,dr_att,5345.645496666445,6414.334134453782,265.55013395579294,,,,,250.1186702131669,,,,,,,
20260830,dr_ate,3966.0433428819215,5424.89578383322,414.63176533844313,,,,,413.6441811052526,,,,,,,
20260830,sub20,5382.020339477281,6414.334134453782,310.7942528167107,,,,,235.82460114366023,,,,,,,
20260830,sub20_reg,5450.567807180491,6414.334134453782,,,,,,226.96597474920125,,,,,,,
20260830,match,5914.28287486856,6410.469835962144,,,,,,384.98019846360586,422.8388163485826,488.82366863253367,4755.0,435.8281733173599,,,
20260830,match_repl,5998.386439075631,6414.334134453781,,,500.5547967758784,485.1181648232891,507.238974294984,463.51617086005257,421.0284683509812,,4760.0,422.3648834844197,437.1366205916838,4182.0,6.0
20260830,maha,6164.827299116533,6409.6020382835495,,,,,,,340.17032271780033,,4754.0,323.3504781631176,,,
20260830,maha13,5851.100430038512,6366.594137783483,,,,,,,276.51186347396964,,4674.0,282.10054330717634,,,
20260831,odds,5845.8981795548825,6434.806432566811,362.2316962914256,240.21538387653297,238.57884399094576,501.17914443785975,362.2323079982343,237.66145680418884,,,,,,,
20260831,ipw_ate,4090.6283829138847,5424.0088854976175,585.2014266027556,474.74957444224407,295.4855139992057,209.24700998200765,588.3995238275451,461.6827205377539,,,,,,,
20260831,dr_att,5742.414997722155,6434.806432566811,266.02116311515846,,,,,242.07619339595595,,,,,,,
20260831,dr_ate,4292.629788885997,5424.0088854976175,397.4589658637253,,,,,394.2717101840697,,,,,,,
20260831,sub20,5882.018926543913,6434.806432566811,319.4414816880781,,,,,248.99112203675264,,,,,,,
20260831,sub20_reg,5890.650272606729,6434.806432566811,,,,,,247.7810806924836,,,,,,,
20260831,match,5589.81865560166,6430.633315352697,,,,,,398.18879732774985,455.5402036604391,512.9291458577055,4820.0,446.70278232254464,,,
20260831,match_repl,5590.29965188562,6434.115982179858,,,530.2703273218843,513.6341773756399,541.0470863641187,520.1363589849864,455.609746854586,,4826.0,468.78195985449537,474.4182772882856,4230.0,6.0
20260831,maha,6045.25413692946,6430.633315352697,,,,,,,347.6529271116091,,4820.0,347.6504270565917,,,
20260831,maha13,6067.480883039694,6376.481963489705,,,,,,,293.76574838282494,,4711.0,293.9077601301466,,,
20260832,odds,5776.209985016591,6438.807446454564,370.99579852664925,248.67353778584967,244.76670359602645,515.041746898487,370.99366289877264,276.11913639482856,,,,,,,
20260832,ipw_ate,3935.481399563912,5408.740771994927,610.1351552670225,499.87258827389286,304.2704865755499,215.35249698869617,612.2609463785883,574.1692675680273,,,,,,,
20260832,dr_att,5711.287958541817,6438.807446454564,275.6893583556618,,,,,281.1557483536062,,,,,,,
20260832,dr_ate,4536.843006047271,5408.740771994927,419.48006881322806,,,,,494.948151102364,,,,,,,
20260832,sub20,5753.172141991746,6438.807446454564,331.9271536994508,,,,,288.45449366939783,,,,,,,
20260832,sub20_reg,6171.141309971346,6438.807446454564,,,,,,257.1350617346403,,,,,,,
20260832,match,5709.006819412623,6433.213947094356,,,,,,461.5740615782202,441.16781837699614,505.5327647582165,4801.0,422.3880286516834,,,
20260832,match_repl,5940.076048303144,6434.821778055382,,,517.8452332414884,501.4641362334457,524.3479193406713,563.5985438001037,438.69509665608143,,4803.0,451.1214651211923,459.3294938425448,4205.0,5.0
20260832,maha,6665.04879400125,6433.213947094356,,,,,,,352.615329987548,,4801.0,353.5874648106635,,,
20260832,maha13,6359.887660968662,6385.601572649573,,,,,,,300.6878480761948,,4680.0,307.6873587003187,,,
20260833,odds,5864.550542906112,6461.929708324893,366.9229046384113,240.53295559137987,239.8471006676583,498.88271273283766,366.9861313433626,222.86717498753933,,,,,,,
20260833,ipw_ate,4109.72733238346,5413.080886790684,626.6635487485024,510.6831883558007,300.40462664508885,212.39208112727528,626.3077668329944,481.6814029050456,,,,,,,
20260833,dr_att,5738.785369905755,6461.929708324893,264.86847360108936,,,,,237.2221034073448,,,,,,,
20260833,dr_ate,4547.625261317668,5413.080886790684,427.5117035677696,,,,,414.661042174698,,,,,,,
20260833,sub20,5788.178796239092,6461.929708324893,327.01744855528926,,,,,235.50382370703088,,,,,,,
20260833,sub20_reg,6095.044685775935,6461.929708324893,,,,,,208.0132390254784,,,,,,,
20260833,match,5849.0612228756845,6460.225816264449,,,,,,405.4811402816623,428.1745592327276,498.2674305891424,4931.0,427.7620596754992,,,
20260833,match_repl,5874.028077001014,6460.653582573455,,,511.0331080738756,494.5314912140281,520.3245073328685,492.8504318652686,425.9755856694551,,4935.0,429.2121354914065,446.0466288118989,4308.0,7.0
20260833,maha,6830.870462287104,6460.902627737228,,,,,,,345.3551228820323,,4932.0,342.19446631355663,,,
20260833,maha13,6456.886792242221,6387.969897446631,,,,,,,296.0998219406265,,4778.0,316.9455680037446,,,
20260834,odds,6067.5179071137245,6459.111858907264,381.5708297579154,253.2551824155925,243.694027814704,515.2795819256075,381.50175140375205,250.3193206470674,,,,,,,
20260834,ipw_ate,5061.812068826963,5394.64696155736,685.8772108987348,571.3107771010481,309.03089011966495,218.75062471644068,688.7648535774637,580.2686847476031,,,,,,,
20260834,dr_att,5923.153287688728,6459.111858907264,276.284411505502,,,,,260.88625512355463,,,,,,,
20260834,dr_ate,5397.627024450221,5394.64696155736,474.5669204493372,,,,,477.1057169093104,,,,,,,
20260834,sub20,6008.720299133323,6459.111858907264,330.6931878740033,,,,,248.70944485091567,,,,,,,
20260834,sub20_reg,6166.003907039215,6459.111858907264,,,,,,225.37203563892493,,,,,,,
20260834,match,5738.6280025125625,6458.324851340034,,,,,,435.61419475581766,439.2606739836963,518.708504404067,4776.0,427.2307926579825,,,
20260834,match_repl,5676.197981574538,6458.324851340034,,,534.73768298434,517.9273824109292,542.8837429564356,528.3248981925038,439.3879775227666,,4776.0,426.6794561866256,459.6890810549545,4185.0,4.0
20260834,maha,6671.744470268008,6458.324851340034,,,,,,,350.87678609212725,,4776.0,343.77902980940706,,,
20260834,maha13,6320.251054465302,6411.012431740614,,,,,,,303.3938257834536,,4688.0,300.4679759350078,,,
20260835,odds,5608.986787967773,6487.439979466119,364.237229188159,239.56385363827556,237.9006995760227,496.8912848731813,364.2161986602818,225.64311556082708,,,,,,,
20260835,ipw_ate,3889.352282678905,5415.861514203008,624.1830697761993,509.9357975256569,298.3130939220107,211.0249157487375,625.1717636299998,487.82657588989554,,,,,,,
20260835,dr_att,5555.76347918941,6487.439979466119,264.1965776714756,,,,,227.78014333895044,,,,,,,
20260835,dr_ate,4451.013977595013,5415.861514203008,419.6044236380865,,,,,395.02025021567175,,,,,,,
20260835,sub20,5512.384062295399,6487.439979466119,325.45184648209914,,,,,232.5586335047251,,,,,,,
20260835,sub20_reg,5966.51895022526,6487.439979466119,,,,,,204.26216214835995,,,,,,,
20260835,match,5591.049701952723,6484.427091469681,,,,,,447.6958917556824,435.40089871648615,489.86028148242735,4865.0,414.882545803697,,,
20260835,match_repl,5448.061305954825,6487.439979466119,,,507.8224023312038,491.74068507008747,516.619031529056,511.9693631508359,437.8767061844682,,4870.0,438.9739809722664,453.3674263330616,4263.0,6.0
20260835,maha,6534.568034943473,6484.427091469681,,,,,,,341.2375594370208,,4865.0,335.5309052431338,,,
20260835,maha13,6134.363958599178,6431.8524904296055,,,,,,,291.3956658828081,,4702.0,292.0132979837209,,,
20260836,odds,5745.426569080955,6473.2728362878,379.59161037717337,253.555687408722,243.5582769477732,513.8217874997079,379.5691550916031,256.1069399886239,,,,,,,
20260836,ipw_ate,4419.252229949532,5411.755715155917,676.2093430999455,561.6095415260542,309.6574194774591,219.18337458718315,678.8536472199389,601.9242874226529,,,,,,,
20260836,dr_att,5651.486633642832,6473.2728362878,277.29554149754114,,,,,264.0708249883432,,,,,,,
20260836,dr_ate,4777.792621154031,5411.755715155917,473.3477808246751,,,,,505.15639672489937,,,,,,,
20260836,sub20,5696.441072681994,6473.2728362878,330.8885783564107,,,,,243.9556786924105,,,,,,,
20260836,sub20_reg,5896.479859076208,6473.2728362878,,,,,,234.41007020493527,,,,,,,
20260836,match,5548.160726817043,6468.919715956557,,,,,,400.1064160188173,445.1943182771327,516.6321518251477,4788.0,428.3388557629424,,,
20260836,match_repl,5541.240335766423,6473.2728362878,,,531.9450533407476,515.5189338298403,538.9555628253693,519.9455564560104,444.609904702288,,4795.0,456.7136510896061,463.75208774084194,4212.0,6.0
20260836,maha,6632.849172932331,6468.919715956557,,,,,,,343.1237958727053,,4788.0,341.58832856352313,,,
20260836,maha13,6149.969444444444,6425.003885336743,,,,,,,290.06790603584085,,4692.0,288.646626701014,,,
20260837,odds,5889.53592764846,6443.8483932654335,358.71194480217395,234.2144632070351,234.76349137661583,493.8095927864482,358.6577407350803,235.72035802990973,,,,,,,
20260837,ipw_ate,3939.185250477007,5432.883484161834,590.5075416303529,478.9006710880989,293.6094908381849,207.8709550541612,593.3036475800278,531.6560952466189,,,,,,,
20260837,dr_att,5748.554813779314,6443.8483932654335,262.3451763853697,,,,,243.78015225794667,,,,,,,
20260837,dr_ate,4195.111119286255,5432.883484161834,395.5000833987436,,,,,409.4864613708317,,,,,,,
20260837,sub20,5861.2030345292005,6443.8483932654335,316.3223207870863,,,,,239.68972958667615,,,,,,,
20260837,sub20_reg,5976.378390149979,6443.8483932654335,,,,,,216.4782138237269,,,,,,,
20260837,match,5816.376786530866,6443.8483932654335,,,,,,432.9927530001265,438.6170474183539,494.6711477340981,4811.0,416.8265565932316,,,
20260837,match_repl,5664.011403034713,6443.8483932654335,,,511.88842402265936,496.54663720487866,518.7261422850094,560.9998091505611,440.8708317776533,,4811.0,468.5995947443162,456.2870132619378,4243.0,6.0
20260837,maha,6242.538237372688,6443.8483932654335,,,,,,,335.6457509344043,,4811.0,342.2606387520058,,,
20260837,maha13,6123.959485977991,6391.740666666667,,,,,,,281.7146790316021,,4695.0,277.5864211699084,,,
20260838,odds,5957.021290349181,6460.1105749789385,366.9554760649872,240.80117802337443,235.8239936268837,499.714184662632,366.9729650653224,224.400475666306,,,,,,,
20260838,ipw_ate,4604.953893249636,5402.8570749847495,633.7488481119755,524.4596328295373,296.2770404940688,209.4740667321567,633.4519358768486,497.8298684232228,,,,,,,
20260838,dr_att,5845.362888985655,6460.1105749789385,266.9258948218825,,,,,237.59993014308264,,,,,,,
20260838,dr_ate,4655.889336507974,5402.8570749847495,445.4642974971497,,,,,409.1619740464049,,,,,,,
20260838,sub20,5834.419721531449,6460.1105749789385,318.2295315339312,,,,,221.88217979109032,,,,,,,
20260838,sub20_reg,6003.630795661763,6460.1105749789385,,,,,,201.43318200774365,,,,,,,
20260838,match,6203.031952350833,6455.608100358423,,,,,,416.4524765802346,414.34103812392345,486.0436063137168,4743.0,410.1287937362853,,,
20260838,match_repl,6275.129192834564,6457.179534246576,,,499.57628231619685,483.8214037428697,507.0384364784724,522.3459820754607,411.39555509433217,,4745.0,390.8957716326922,430.09232501119146,4156.0,5.0
20260838,maha,6418.962958043433,6455.608100358423,,,,,,,331.599714489344,,4743.0,332.2632403885595,,,
20260838,maha13,6287.297792958867,6412.284875298201,,,,,,,289.65110267876304,,4611.0,293.3516304115224,,,
20260839,odds,5546.6610818090885,6480.5576785346775,357.19779184079147,231.71108721567077,235.57820443795896,494.0194744944635,357.20129941278856,248.5746203251073,,,,,,,
20260839,ipw_ate,3920.541690559352,5436.112917661377,602.937359875364,491.3049864795082,295.6793253268321,209.16772365350096,603.9196247971217,503.2472352393741,,,,,,,
20260839,dr_att,5500.228199396423,6480.5576785346775,260.1009865399549,,,,,250.3086431445205,,,,,,,
20260839,dr_ate,4230.531846962791,5436.112917661377,411.2335630164008,,,,,426.3863068284221,,,,,,,
20260839,sub20,5446.68373275626,6480.5576785346775,315.3421019327204,,,,,253.6296090777928,,,,,,,
20260839,sub20_reg,5766.874894715218,6480.5576785346775,,,,,,238.70486004568872,,,,,,,
20260839,match,5108.810343904448,6477.890082372323,,,,,,436.30508091485945,432.6605641874396,494.69637625011615,4856.0,449.9659675747885,,,
20260839,match_repl,5206.539944421574,6479.813569370112,,,508.99218017621,492.9411613398127,516.3035918446462,543.0867985758483,428.4951695529298,,4858.0,417.5368576469263,450.5774538130649,4255.0,5.0
20260839,maha,6634.459742586491,6477.890082372323,,,,,,,328.6714143504523,,4856.0,333.778533013368,,,
20260839,maha13,6094.4608994709,6423.9685439153445,,,,,,,284.09169229917507,,4725.0,275.1034046042773,,,
20260840,odds,5393.678702484918,6336.075202688939,384.1229200513826,264.03878713025006,251.08044939139083,523.3068755496568,384.1216193332701,263.94155411041925,,,,,,,
20260840,ipw_ate,3536.045310846406,5385.596801435238,628.4344669106016,521.5749945775812,312.03082872170063,220.71963696825685,629.3026662420652,517.4763243584572,,,,,,,
20260840,dr_att,5315.193369077402,6336.075202688939,286.7713694898429,,,,,272.2670348089569,,,,,,,
20260840,dr_ate,4132.315716133124,5385.596801435238,450.9534844822223,,,,,481.4398910297877,,,,,,,
20260840,sub20,5347.941543794772,6336.075202688939,346.05072663254623,,,,,274.62900071418466,,,,,,,
20260840,sub20_reg,5796.344070957537,6336.075202688939,,,,,,245.1866187737704,,,,,,,
20260840,match,5169.554638271857,6334.198123089464,,,,,,441.7361282250002,460.4621049388813,521.9542021432529,4907.0,428.901353569995,,,
20260840,match_repl,5184.202707823961,6335.042601874491,,,536.5154758059609,518.924553834974,543.6081930028113,579.2647900357218,456.5219625480149,,4908.0,475.9091312102682,479.6611076988501,4275.0,5.0
20260840,maha,6334.8681373548,6334.198123089464,,,,,,,353.8291913925279,,4907.0,362.9329069512247,,,
20260840,maha13,6083.948904463041,6290.976414225942,,,,,,,302.46390151528664,,4780.0,280.428892527016,,,
20260841,odds,6147.951773854136,6510.354390092879,389.7006979529042,255.7872662356644,247.3799105084444,519.5598398525163,389.684061419192,238.52859443973816,,,,,,,
20260841,ipw_ate,5217.279472321417,5420.788179074447,705.7118710478907,580.3154194961351,314.9087887737001,222.7016808728455,706.0845431675747,543.2403684556526,,,,,,,
20260841,dr_att,6029.590866962693,6510.354390092879,275.5607402031022,,,,,243.7819966273937,,,,,,,
20260841,dr_ate,5323.688319141945,5420.788179074447,485.8469346797005,,,,,460.1233645398739,,,,,,,
20260841,sub20,5971.59762160935,6510.354390092879,341.1658107563618,,,,,245.07893371782916,,,,,,,
20260841,sub20_reg,6151.141642143532,6510.354390092879,,,,,,224.33664226167693,,,,,,,
20260841,match,5795.150235294118,6510.35439009288,,,,,,435.85159186457065,471.9057991991467,536.5402150263114,4845.0,476.5585705544704,,,
20260841,match_repl,5616.824297213622,6510.35439009288,,,555.0420502095484,536.9583861087013,558.6240612852332,564.3359140427914,472.1395455928936,,4845.0,471.9824481697976,486.0378284146345,4224.0,6.0
20260841,maha,6715.6950815273485,6510.35439009288,,,,,,,353.5401167045054,,4845.0,356.3032195020317,,,
20260841,maha13,6500.149553439153,6461.51755978836,,,,,,,301.0892094240904,,4725.0,307.6774740325161,,,
20260842,odds,5422.881917909501,6399.20962085308,358.5300355319102,238.5567993782635,237.9405792203933,498.6712736572886,358.49999288821647,236.28676969045105,,,,,,,
20260842,ipw_ate,3697.1959828356703,5402.409109672578,620.4807743358157,510.9004529024109,301.3489656051673,213.19201633952733,621.6803709555621,476.1724688283115,,,,,,,
20260842,dr_att,5285.871615165068,6399.20962085308,267.83561254323496,,,,,243.85692870851577,,,,,,,
20260842,dr_ate,4103.707057422174,5402.409109672578,426.5132202803346,,,,,400.3563593048777,,,,,,,
20260842,sub20,5339.897258511392,6399.20962085308,313.38607853122846,,,,,246.373456336318,,,,,,,
20260842,sub20_reg,5669.385735851664,6399.20962085308,,,,,,228.7260980519087,,,,,,,
20260842,match,5248.53529290429,6396.3727949669965,,,,,,486.8308983637371,432.4305600801581,500.4960943182386,4848.0,425.9519812487299,,,
20260842,match_repl,5432.251224994844,6396.456758094452,,,518.6736476580639,502.314083562556,526.6127953077867,524.7270702656689,432.71249405233726,,4849.0,431.7973636929596,449.4249991402326,4247.0,6.0
20260842,maha,5993.571458333333,6396.3727949669965,,,,,,,337.9149176867302,,4848.0,328.2409587458835,,,
20260842,maha13,5714.829896384013,6347.160564601396,,,,,,,284.0870864793721,,4729.0,265.91748755937664,,,
20260843,odds,5659.518901549684,6390.182653104027,374.0518911506044,248.8843399613922,242.34180893745156,512.1503815703575,374.03352630382506,245.44499201795665,,,,,,,
20260843,ipw_ate,4028.844464881469,5385.032092793914,624.6904714352445,509.49205411831497,301.93703152452395,213.5259469731472,624.9920776157433,547.7590212503792,,,,,,,
20260843,dr_att,5609.165680096725,6390.182653104027,273.38278796201007,,,,,268.4682812452251,,,,,,,
20260843,dr_ate,4356.722400503325,5385.032092793914,427.1702141912473,,,,,442.4117619677903,,,,,,,
20260843,sub20,5585.911867330232,6390.182653104027,333.7996970177138,,,,,242.92279190768292,,,,,,,
20260843,sub20_reg,5853.345280561982,6390.182653104027,,,,,,222.0526502124975,,,,,,,
20260843,match,5319.452301720521,6389.3532668904745,,,,,,409.40715602738817,457.0154335473592,522.2539762617556,4766.0,467.1030178755216,,,
20260843,match_repl,5205.086780620805,6390.182653104027,,,537.8401073634021,519.8247537935943,543.5000496716895,500.0304197498269,457.600272688107,,4768.0,456.1957723792337,478.75965989970666,4140.0,5.0
20260843,maha,6450.25878304658,6389.3532668904745,,,,,,,349.3307771608306,,4766.0,345.5270120917675,,,
20260843,maha13,6119.104387513456,6336.703743810549,,,,,,,293.9194297346029,,4645.0,288.9471398015635,,,
20260844,odds,5384.807539939957,6413.795726731832,352.7024737348188,230.9237399261184,235.306428962054,500.88702632554686,352.6947652352013,235.61536784350216,,,,,,,
20260844,ipw_ate,3631.835508334145,5416.207438909994,580.0443633547742,469.4650294372012,289.8805353956236,205.0042765166781,580.3557782275518,449.0593495645928,,,,,,,
20260844,dr_att,5280.776171732476,6413.795726731832,261.11848649140705,,,,,254.87281931527397,,,,,,,
20260844,dr_ate,3825.941882065213,5416.207438909994,386.585296033741,,,,,373.42411961503615,,,,,,,
20260844,sub20,5302.041693555594,6413.795726731832,311.0425135311107,,,,,247.9044379316711,,,,,,,
20260844,sub20_reg,5518.60168551188,6413.795726731832,,,,,,241.4697508568681,,,,,,,
20260844,match,4678.311676239098,6410.330136141247,,,,,,451.52141885853,443.5476530903141,507.96416546436194,4701.0,454.4680641769962,,,
20260844,match_repl,4803.0010182823125,6411.6594664115655,,,523.4148195323145,507.2501977188975,536.7279581387717,541.1772216225546,441.6796895824097,,4704.0,444.0296323179168,462.6041183393236,4132.0,7.0
20260844,maha,6070.05360348862,6410.330136141247,,,,,,,327.42942707228246,,4701.0,328.12672087126845,,,
20260844,maha13,5911.038326462718,6365.441865914515,,,,,,,278.5800832763109,,4609.0,282.7167520447844,,,
20260845,odds,5749.1120225529885,6410.162425610507,354.79256276022693,231.43144635682287,236.40120223275315,494.09283128505245,354.8070351320115,244.5669947999051,,,,,,,
20260845,ipw_ate,3725.498798380839,5424.514784181959,566.9917062998898,456.7293790896517,292.70510466005555,207.10809945179992,568.3390999558204,504.948842407133,,,,,,,
20260845,dr_att,5658.378397361893,6410.162425610507,258.9065355000156,,,,,260.9843152746187,,,,,,,
20260845,dr_ate,4332.388552463761,5424.514784181959,378.3684406816386,,,,,406.9337589536368,,,,,,,
20260845,sub20,5767.270068669037,6410.162425610507,314.3149129954156,,,,,241.1469953302911,,,,,,,
20260845,sub20_reg,6128.8831931734685,6410.162425610507,,,,,,228.3197718378384,,,,,,,
20260845,match,5384.558761826409,6403.5159749074455,,,,,,412.276382177882,434.242784187509,497.5591890987312,4862.0,439.0562932018419,,,
20260845,match_repl,5463.329031198687,6409.43896141215,,,512.9681507897277,496.1317537829451,519.2262421439492,475.146255066937,433.6140845056906,,4872.0,425.4275882455348,452.2507174378029,4243.0,6.0
20260845,maha,6512.68084533114,6403.5159749074455,,,,,,,334.86157080286006,,4862.0,337.814291215417,,,
20260845,maha13,6251.231239675207,6361.243733725325,,,,,,,279.2270197171356,,4762.0,281.2717835416298,,,
20260846,odds,5831.229203701765,6474.317004598662,359.12849050586925,236.9589667222376,235.68546118120287,498.19295392218766,359.1165239471852,268.6087286080504,,,,,,,
20260846,ipw_ate,3798.201543665382,5406.275408674089,549.6323412646411,437.1195855891579,287.9100353922305,203.67130721577072,550.5285587825758,458.84588293707134,,,,,,,
20260846,dr_att,5690.590257440108,6474.317004598662,261.8097031505559,,,,,277.0878940238148,,,,,,,
20260846,dr_ate,4209.485532375624,5406.275408674089,367.862809715845,,,,,377.8646789310669,,,,,,,
20260846,sub20,5741.983628256416,6474.317004598662,317.97153943470835,,,,,273.91133091018884,,,,,,,
20260846,sub20_reg,6062.400393993524,6474.317004598662,,,,,,245.1266107097472,,,,,,,
20260846,match,5809.907635375287,6474.392688689107,,,,,,425.1020642296724,429.9886006457738,504.1395833816071,4783.0,423.07328482741815,,,
20260846,match_repl,5632.52111436337,6474.392688689107,,,521.8940179075229,507.1430244304137,538.0398831466282,535.6683811838549,432.245658611829,,4783.0,451.3400825717136,453.5573238409256,4250.0,5.0
20260846,maha,6695.445287476479,6474.392688689107,,,,,,,335.6702745773688,,4783.0,332.7743801011421,,,
20260846,maha13,6440.020790539101,6431.3067334327725,,,,,,,284.01456563657206,,4693.0,281.38485180260284,,,
20260847,odds,5614.661875027185,6408.689748701973,362.2118265786872,235.5650450001432,239.83391074211264,505.3490167312256,362.226552781895,253.40907181774483,,,,,,,
20260847,ipw_ate,3804.512342490838,5412.230072531586,560.0346887263867,441.5163861320854,293.70668665834387,207.7254773661913,560.4605065407275,470.29893337682944,,,,,,,
20260847,dr_att,5502.916089166944,6408.689748701973,261.1202719197543,,,,,259.18968042857017,,,,,,,
20260847,dr_ate,4210.855578826468,5412.230072531586,369.7788485460355,,,,,390.8905176694395,,,,,,,
20260847,sub20,5555.652278774144,6408.689748701973,323.1278910971998,,,,,267.9502404703589,,,,,,,
20260847,sub20_reg,5806.121512037398,6408.689748701973,,,,,,250.3798089113176,,,,,,,
20260847,match,6156.546812136327,6405.918505818786,,,,,,459.68128624360185,426.0059218779713,490.3230279492959,4812.0,403.84036701327705,,,
20260847,match_repl,5948.676004153686,6408.689748701973,,,505.7178968826751,489.43542249068895,510.6142141952208,582.6950786398206,426.0283940122086,,4815.0,427.7014448566516,442.9439508970938,4205.0,6.0
20260847,maha,5651.136961762261,6405.918505818786,,,,,,,357.3904214456828,,4812.0,366.86534663495513,,,
20260847,maha13,6039.018367448472,6351.232763326225,,,,,,,290.3733613745786,,4690.0,282.11398243181344,,,
20260848,odds,5830.191776707776,6387.301665635952,386.5884617708441,257.6932757310143,249.18462629031188,521.8895379435627,386.5937155302106,,,,,,,,
20260848,ipw_ate,4691.983522771567,5427.048341089644,658.5631115922713,540.3499686462657,313.01287350260066,221.487722854044,660.2907330736297,,,,,,,,
20260848,dr_att,5804.501991150635,6387.301665635952,282.1633815654859,,,,,,,,,,,,
20260848,dr_ate,4909.290927966757,5427.048341089644,456.6201757158274,,,,,,,,,,,,
20260848,sub20,5824.5624807304175,6387.301665635952,332.031785498254,,,,,,,,,,,,
20260848,sub20_reg,5901.453708538716,6387.301665635952,,,,,,,,,,,,,
20260848,match,5914.49994015683,6382.885866694181,,,,,,,449.0277530233807,529.4645516421053,4846.0,453.3389503183009,,,
20260848,match_repl,5966.711351351351,6383.652694450176,,,546.204210554856,529.7250360618591,551.6209654019397,,450.7714980692509,,4847.0,451.5578552631163,464.8197240435143,4271.0,7.0
20260848,maha,6315.111789104417,6382.885866694181,,,,,,,345.52247321496634,,4846.0,328.7455554805929,,,
20260848,maha13,5900.6796167296125,6343.919080990348,,,,,,,297.3829042400871,,4766.0,290.11529304877723,,,
20260849,odds,5388.061618845015,6431.120221340572,362.9845339244619,242.0348418366088,240.1417179723748,506.426925371663,362.9885485318303,,,,,,,,
20260849,ipw_ate,3321.6992982723605,5414.055512374958,629.7403686854796,525.9488817381751,301.82144786905843,213.5930985929753,631.6545747456969,,,,,,,,
20260849,dr_att,5239.23653669133,6431.120221340572,270.0429711734231,,,,,,,,,,,,
20260849,dr_ate,3771.292101211884,5414.055512374958,447.6339674810986,,,,,,,,,,,,
20260849,sub20,5408.81107447763,6431.120221340572,322.37657110636377,,,,,,,,,,,,
20260849,sub20_reg,5657.764685115456,6431.120221340572,,,,,,,,,,,,,
20260849,match,5978.0533890514,6429.934427496865,,,,,,,433.223299115594,491.66251491918615,4786.0,446.7560593915085,,,
20260849,match_repl,6165.351005014625,6429.934427496865,,,502.5316643973958,485.9806533007866,509.0540039766051,,426.7141705784945,,4786.0,430.5551413381477,451.4250407505927,4166.0,6.0
20260849,maha,6026.524914333473,6429.934427496865,,,,,,,341.3922865955992,,4786.0,357.3749957280096,,,
20260849,maha13,5930.965692495864,6357.417055903303,,,,,,,290.464210293335,,4633.0,295.18346728429924,,,
20260850,odds,5394.960794754061,6414.332204531537,338.5346714543558,221.92498650937523,231.261112225708,482.4034205447674,338.5353857649879,,,,,,,,
20260850,ipw_ate,3134.8008978963044,5418.14647601173,496.2178713806334,389.0449503076016,283.1263372821263,200.28086903303063,496.9369614487559,,,,,,,,
20260850,dr_att,5323.488965517206,6414.332204531537,255.3465457116524,,,,,,,,,,,,
20260850,dr_ate,3401.562475269661,5418.14647601173,323.56965545140736,,,,,,,,,,,,
20260850,sub20,5304.16056174177,6414.332204531537,298.0325060248467,,,,,,,,,,,,
20260850,sub20_reg,5626.5587895264825,6414.332204531537,,,,,,,,,,,,,
20260850,match,5482.034712972421,6410.931838610828,,,,,,,412.7256335486849,469.2190207672099,4895.0,425.0314884586883,,,
20260850,match_repl,5487.691917500511,6412.83843373494,,,482.5242190810959,466.8711413985541,488.29230171711015,,411.1490207695596,,4897.0,413.96432036088527,427.6845081018559,4272.0,6.0
20260850,maha,5824.313417773238,6410.931838610828,,,,,,,339.9939897170192,,4895.0,335.9812060331068,,,
20260850,maha13,5620.601698152813,6358.937535684299,,,,,,,278.6802114056789,,4764.0,277.20847068641785,,,
20260851,odds,6097.103288554121,6506.680618514752,355.1901474597327,225.3203293283148,235.18468213580485,489.6097842282765,355.15103161882195,,,,,,,,
20260851,ipw_ate,4800.858375951626,5447.6702771584805,598.9358851980425,481.0602921707529,294.8576145386094,208.6249354708587,600.3722624902056,,,,,,,,
20260851,dr_att,6034.358702111904,6506.680618514752,256.297400546952,,,,,,,,,,,,
20260851,dr_ate,4990.1187999043705,5447.6702771584805,389.15629608314765,,,,,,,,,,,,
20260851,sub20,6021.368396158455,6506.680618514752,307.86996527651564,,,,,,,,,,,,
20260851,sub20_reg,6175.720139597205,6506.680618514752,,,,,,,,,,,,,
20260851,match,6688.875937309179,6505.619104416853,,,,,,,410.9663889538008,479.6482353773884,4913.0,419.5836662407335,,,
20260851,match_repl,6624.649594952168,6505.619104416853,,,496.19526181704737,480.2041968150007,503.46959909814734,,411.3081782059716,,4913.0,427.8581052158309,429.9546880592944,4290.0,5.0
20260851,maha,6990.829236718909,6505.619104416853,,,,,,,321.31595937926863,,4913.0,314.55649997281046,,,
20260851,maha13,6529.684158147298,6455.156426037972,,,,,,,276.67395863084244,,4793.0,274.97895354708174,,,
20260852,odds,5937.375319628049,6463.220086651537,365.3191205937515,235.58305520089877,239.4685329485715,502.3436189448562,365.3233250915601,,,,,,,,
20260852,ipw_ate,4579.386836815604,5423.416644391296,596.9570770518118,470.0920550404928,298.2427366019807,210.90773335557247,597.1567141983792,,,,,,,,
20260852,dr_att,5810.680700161205,6463.220086651537,258.9912682123804,,,,,,,,,,,,
20260852,dr_ate,4647.703087792404,5423.416644391296,389.7253094939728,,,,,,,,,,,,
20260852,sub20,5781.107769872991,6463.220086651537,320.05176908721444,,,,,,,,,,,,
20260852,sub20_reg,5901.711396409486,6463.220086651537,,,,,,,,,,,,,
20260852,match,5773.311186790505,6461.450738906088,,,,,,,459.1499016276616,525.0266819335553,4845.0,446.9630226238479,,,
20260852,match_repl,5931.668941613369,6463.220086651537,,,538.3319934215539,521.2592229497168,541.5307192094201,,457.0180742214196,,4847.0,443.3589952887269,472.28559429581134,4242.0,5.0
20260852,maha,6400.236660474717,6461.450738906088,,,,,,,343.32687645112827,,4845.0,330.66152523882386,,,
20260852,maha13,6277.673377553169,6418.679858917667,,,,,,,282.1102414741988,,4749.0,272.5712622563799,,,
20260853,odds,5755.724183992348,6507.233702776039,350.66225309287705,226.0865791381701,231.11466347655173,487.31465277505527,350.6848572536126,,,,,,,,
20260853,ipw_ate,4075.992450644568,5423.257218308206,601.3996790293817,492.2741062461239,293.4744763633841,207.7174952993253,603.5356529508014,,,,,,,,
20260853,dr_att,5673.387270032255,6507.233702776039,255.5258855347868,,,,,,,,,,,,
20260853,dr_ate,4596.159465466769,5423.257218308206,405.8844119163916,,,,,,,,,,,,
20260853,sub20,5701.953940001429,6507.233702776039,300.90926711898726,,,,,,,,,,,,
20260853,sub20_reg,6060.875075066553,6507.233702776039,,,,,,,,,,,,,
20260853,match,5418.128037656905,6503.751366108788,,,,,,,416.7358195381119,484.9627899338148,4780.0,405.3192342783305,,,
20260853,match_repl,5376.422448297472,6506.216797576771,,,502.4099520832919,486.9236708928279,515.7372770313984,,417.9287232262086,,4787.0,418.096975588884,438.6582165962097,4206.0,6.0
20260853,maha,6454.860682008368,6503.751366108788,,,,,,,327.1300237760567,,4780.0,321.2864052682134,,,
20260853,maha13,6398.315891439605,6449.121021240077,,,,,,,281.3789193544312,,4661.0,291.8790327734093,,,
20260854,odds,5757.50379835107,6447.795952332031,366.73320832157,242.06941141691385,241.2001965067761,505.43543339884286,366.78036084990185,,,,,,,,
20260854,ipw_ate,4116.515647483946,5403.519318942711,598.5758209468877,484.6595805346992,300.9657505668265,212.763531820504,597.9981720232556,,,,,,,,
20260854,dr_att,5684.986104279615,6447.795952332031,268.4519590717892,,,,,,,,,,,,
20260854,dr_ate,4505.897397871087,5403.519318942711,412.0557107906568,,,,,,,,,,,,
20260854,sub20,5586.006943850054,6447.795952332031,325.4709911895658,,,,,,,,,,,,
20260854,sub20_reg,5968.878988879768,6447.795952332031,,,,,,,,,,,,,
20260854,match,6053.099952606635,6437.3922274881525,,,,,,,436.7960223127831,498.7149749677252,4853.0,428.5580781525209,,,
20260854,match_repl,6223.975621399177,6441.660919753086,,,510.4973315796355,494.0257499946112,517.1452669789187,,431.3825393805055,,4860.0,456.7163417437511,451.8608696049235,4243.0,6.0
20260854,maha,6497.097498454564,6437.3922274881525,,,,,,,341.0840497269316,,4853.0,336.0765746920286,,,
20260854,maha13,6194.632885425442,6391.337877000842,,,,,,,292.5353646610927,,4748.0,289.9124376826958,,,
20260855,odds,5906.062714932377,6364.262969885774,383.69524353913874,247.87073874269095,247.16438018550664,520.8757817314074,383.7069183713009,,,,,,,,
20260855,ipw_ate,4713.733304094312,5418.493599429293,639.8226229070175,514.3901545089278,304.3113212817681,215.18484456740757,639.8683668939464,,,,,,,,
20260855,dr_att,5877.44034112873,6364.262969885774,268.8112628214356,,,,,,,,,,,,
20260855,dr_ate,5079.367118044615,5418.493599429293,425.7254256572524,,,,,,,,,,,,
20260855,sub20,5857.68988394532,6364.262969885774,340.92114885995784,,,,,,,,,,,,
20260855,sub20_reg,6182.962195918032,6364.262969885774,,,,,,,,,,,,,
20260855,match,5871.1632488575,6363.32027420025,,,,,,,471.0967760531291,527.6603716386641,4814.0,478.8774538754278,,,
20260855,match_repl,5901.61898026999,6364.262969885775,,,540.1182414858946,523.1627444030314,553.1518599111183,,464.3398200290809,,4815.0,466.0266237462803,487.2067764497396,4220.0,5.0
20260855,maha,6391.5382363938525,6363.32027420025,,,,,,,334.53312155160893,,4814.0,337.29562547769194,,,
20260855,maha13,6326.006084678562,6311.351563296515,,,,,,,282.0350871738946,,4708.0,283.46892952724085,,,
20260856,odds,5842.844183902274,6497.559792960663,368.4302616356705,240.3722159124924,240.123677118516,505.2236435622504,368.3850763263372,,,,,,,,
20260856,ipw_ate,4129.429520040612,5421.333166335477,587.2432397579153,473.7739643322706,294.2877659789819,208.3870456978833,590.3928483026875,,,,,,,,
20260856,dr_att,5670.744989367108,6497.559792960663,265.1748154190137,,,,,,,,,,,,
20260856,dr_ate,4405.37970261678,5421.333166335477,395.9676321896695,,,,,,,,,,,,
20260856,sub20,5876.199496323295,6497.559792960663,327.99957543948733,,,,,,,,,,,,
20260856,sub20_reg,5885.134846862427,6497.559792960663,,,,,,,,,,,,,
20260856,match,5273.815540372671,6497.559792960662,,,,,,,457.1863539007389,515.1592158322271,4830.0,463.2205511894175,,,
20260856,match_repl,5345.994209109731,6497.559792960662,,,531.6017145705977,513.8000992803686,534.0485367759136,,456.3968353476191,,4830.0,443.5746386121653,471.585419101987,4194.0,5.0
20260856,maha,6252.366786749483,6497.559792960662,,,,,,,343.89444866468875,,4830.0,358.7747946734909,,,
20260856,maha13,6308.993504958853,6452.134167545896,,,,,,,288.1254685642957,,4739.0,301.2799173517181,,,
20260857,odds,5954.569571594275,6502.65518364806,386.2331049520028,258.8627732235364,248.20577017170663,522.0000843916338,386.2287347143035,,,,,,,,
20260857,ipw_ate,4164.344006453612,5422.965527896392,646.0038850006756,534.2837349386622,307.9263619299014,217.8772350707842,647.58435890009,,,,,,,,
20260857,dr_att,5785.792690377321,6502.65518364806,281.302545463554,,,,,,,,,,,,
20260857,dr_ate,4519.347550083723,5422.965527896392,454.1125987494122,,,,,,,,,,,,
20260857,sub20,5952.045400635496,6502.65518364806,348.94724891695387,,,,,,,,,,,,
20260857,sub20_reg,6115.007214205806,6502.65518364806,,,,,,,,,,,,,
20260857,match,5762.2463385254405,6499.128895119418,,,,,,,469.8290863329105,524.1349390519548,4815.0,473.291661067664,,,
20260857,match_repl,5820.672255451714,6499.128895119418,,,541.3923803573814,524.0194019180651,546.4088258059012,,469.3166539066654,,4815.0,483.1647653241661,483.64108639886615,4207.0,6.0
20260857,maha,6998.397968847352,6499.128895119418,,,,,,,351.1747512807118,,4815.0,373.34583301372817,,,
20260857,maha13,6506.468424512299,6450.519701017812,,,,,,,305.7622283596607,,4716.0,306.89876848404435,,,
20260858,odds,5464.457479168275,6420.864636363637,359.0408742250731,233.9460004012153,239.41692906569352,502.4531813621052,359.0113723826406,,,,,,,,
20260858,ipw_ate,3840.839869296542,5424.2616321122005,562.0751246881795,450.9261991106754,293.0395214253492,207.4337248283477,564.342788794724,,,,,,,,
20260858,dr_att,5399.61485415498,6420.864636363637,260.0401670323716,,,,,,,,,,,,
20260858,dr_ate,4095.5609421021,5424.2616321122005,377.3937691834183,,,,,,,,,,,,
20260858,sub20,5481.5327225990095,6420.864636363637,316.3201912572658,,,,,,,,,,,,
20260858,sub20_reg,5570.30011431273,6420.864636363637,,,,,,,,,,,,,
20260858,match,5649.602298945628,6418.9588257184205,,,,,,,442.8770019141188,504.6491682918984,4837.0,432.3166918833169,,,
20260858,match_repl,5739.295206696982,6419.6287350144685,,,524.751549901204,509.0295092682649,537.1836678087396,,446.5807891204551,,4838.0,437.648474730414,464.19819688470966,4267.0,5.0
20260858,maha,5800.8693818482525,6418.9588257184205,,,,,,,334.1822869104267,,4837.0,318.6471760033789,,,
20260858,maha13,5880.422951374208,6377.175915433403,,,,,,,279.65574728970626,,4730.0,279.73821655085624,,,
20260859,odds,5670.389400781089,6392.438221628289,382.9415612949173,255.2260018988229,246.70199150674108,516.8378195442924,382.9499069305973,,,,,,,,
20260859,ipw_ate,4688.239286292097,5418.351649134315,731.9808770569033,620.3813155376436,316.01255604330703,223.43859292166505,731.7836004601514,,,,,,,,
20260859,dr_att,5638.540196887086,6392.438221628289,275.9741551203488,,,,,,,,,,,,
20260859,dr_ate,4829.165165814608,5418.351649134315,532.13008846167,,,,,,,,,,,,
20260859,sub20,5558.242053537251,6392.438221628289,332.2762703646374,,,,,,,,,,,,
20260859,sub20_reg,5811.590160664375,6392.438221628289,,,,,,,,,,,,,
20260859,match,5451.897376644737,6392.438221628289,,,,,,,454.7067507464664,524.4510592380424,4864.0,456.3022785611541,,,
20260859,match_repl,5468.292549342105,6392.438221628289,,,542.9943536322332,525.8637267574541,549.519631263762,,454.279458024247,,4864.0,457.9519816311894,469.1884987218972,4260.0,6.0
20260859,maha,6277.019576480264,6392.438221628289,,,,,,,356.3175489019627,,4864.0,345.3686402922716,,,
20260859,maha13,6016.215871955463,6356.7019665970765,,,,,,,298.18596667146204,,4790.0,291.8257805066829,,,
20260860,odds,6032.1205362595065,6488.455291312462,367.0785331261929,238.95335168409275,239.8980124051374,503.7612583596554,367.0570532457468,,,,,,,,
20260860,ipw_ate,4788.248394924478,5439.822829838255,643.3445640084934,531.7054907544699,303.84621951165803,215.19379517096692,647.2357364721342,,,,,,,,
20260860,dr_att,5993.59538584986,6488.455291312462,265.28765905207104,,,,,,,,,,,,
20260860,dr_ate,5176.602757745353,5439.822829838255,443.7002515362998,,,,,,,,,,,,
20260860,sub20,6076.82204778928,6488.455291312462,315.67059235200776,,,,,,,,,,,,
20260860,sub20_reg,6166.823756903337,6488.455291312462,,,,,,,,,,,,,
20260860,match,6041.316141552512,6485.612200083022,,,,,,,430.2699911526771,500.5254946201164,4818.0,432.3619995546511,,,
20260860,match_repl,5878.602328909166,6487.624917046869,,,515.1314913962578,500.3887106846667,520.4504585454011,,429.7201072823224,,4822.0,424.7306439284753,445.27067950991625,4278.0,6.0
20260860,maha,6133.879618019514,6484.912179779946,,,,,,,356.4616064352277,,4817.0,357.7401830083858,,,
20260860,maha13,6263.659077923914,6436.565627916843,,,,,,,286.7022755590273,,4714.0,296.4746251747879,,,
20260861,odds,5892.11662752978,6404.102879680269,388.1711516215199,254.5776557950912,249.224203442287,526.6659347682239,388.0902505585439,,,,,,,,
20260861,ipw_ate,4537.908379381341,5418.055437299943,607.6604833146063,489.05791071419975,304.91059724787,215.93878067019588,611.284298938779,,,,,,,,
20260861,dr_att,5826.359385313348,6404.102879680269,274.6329258928316,,,,,,,,,,,,
20260861,dr_ate,5025.913132053807,5418.055437299943,412.42880144289006,,,,,,,,,,,,
20260861,sub20,5903.003669118721,6404.102879680269,345.10901696427624,,,,,,,,,,,,
20260861,sub20_reg,6145.7265166326,6404.102879680269,,,,,,,,,,,,,
20260861,match,5823.592284872712,6403.350302966548,,,,,,,458.3110373749281,527.6263491539655,4753.0,448.32260457301896,,,
20260861,match_repl,5932.465785819483,6403.350302966548,,,542.8569080908557,526.0022494995713,546.7413423592102,,456.3475498746396,,4753.0,475.7436527245365,474.5989534036544,4172.0,5.0
20260861,maha,6768.510204081633,6403.350302966548,,,,,,,349.7102401448611,,4753.0,359.2129718403889,,,
20260861,maha13,6402.435870465581,6360.904091688089,,,,,,,302.17117558649875,,4668.0,307.09054887580066,,,
20260862,odds,5597.34590567842,6363.888940695297,367.60183418549246,242.84325565789132,242.6081864477057,507.0562405794555,367.6329583117218,,,,,,,,
20260862,ipw_ate,4289.507363400298,5424.9848456602185,634.090353410581,519.2687880037025,303.76263448875835,214.7482367243252,633.5750085933789,,,,,,,,
20260862,dr_att,5602.894376986931,6363.888940695297,267.9666679395305,,,,,,,,,,,,
20260862,dr_ate,4445.083830383512,5424.9848456602185,437.4230948844106,,,,,,,,,,,,
20260862,sub20,5511.787757821215,6363.888940695297,320.7563896514584,,,,,,,,,,,,
20260862,sub20_reg,5728.1210230916695,6363.888940695297,,,,,,,,,,,,,
20260862,match,5593.440106535545,6358.3557426756815,,,,,,,443.2085266982872,510.0519973439801,4881.0,426.66420425638944,,,
20260862,match_repl,5564.320327198364,6363.888940695297,,,527.1608000831062,511.2592578106055,535.8116457590288,,447.25021904381686,,4890.0,457.7730707753551,463.819519892386,4309.0,5.0
20260862,maha,5624.636365498874,6358.3557426756815,,,,,,,338.6840756471038,,4881.0,330.91422044271144,,,
20260862,maha13,5860.334179883139,6315.524417779632,,,,,,,282.2696948006487,,4792.0,261.66234629070254,,,
20260863,odds,5331.252535044252,6435.638319380494,366.112762145472,244.908263050062,239.3527256948632,505.5581941761953,366.1208577815282,,,,,,,,
20260863,ipw_ate,3616.103012229127,5388.153488737682,613.0096880884649,508.1723905253506,299.9574762498032,212.1759172787885,613.807595967588,,,,,,,,
20260863,dr_att,5303.624976348883,6435.638319380494,271.91618179374336,,,,,,,,,,,,
20260863,dr_ate,3911.000341810216,5388.153488737682,438.7996423588836,,,,,,,,,,,,
20260863,sub20,5242.022369610811,6435.638319380494,320.01570110015166,,,,,,,,,,,,
20260863,sub20_reg,5508.5182645984905,6435.638319380494,,,,,,,,,,,,,
20260863,match,5507.607779639716,6432.817993297025,,,,,,,426.1323999093894,509.6906844268818,4774.0,417.95916488019554,,,
20260863,match_repl,5440.481559229804,6435.638319380493,,,521.7606984158421,505.78802738887606,540.775418408267,,420.0958692063197,,4778.0,423.1519041953478,445.02377185478616,4202.0,6.0
20260863,maha,5498.9656200251375,6432.817993297025,,,,,,,344.50552221782027,,4774.0,348.8993359213384,,,
20260863,maha13,5661.1212246501,6375.329449443017,,,,,,,288.3836565220143,,4668.0,294.28516891280907,,,
20260864,odds,5973.97394632686,6365.2245181968565,391.1007444420171,265.6258042450676,250.49118900792635,525.0326756631439,391.0249138686936,,,,,,,,
20260864,ipw_ate,4403.49999263986,5402.646783874686,642.1575697634969,535.0283454464366,311.6626435452077,220.7090019057557,645.8791177089952,,,,,,,,
20260864,dr_att,5896.0390878449925,6365.2245181968565,288.3147393813325,,,,,,,,,,,,
20260864,dr_ate,4874.9346568921,5402.646783874686,459.6037904549661,,,,,,,,,,,,
20260864,sub20,6013.568540804965,6365.2245181968565,348.78872811505585,,,,,,,,,,,,
20260864,sub20_reg,6128.836784054175,6365.2245181968565,,,,,,,,,,,,,
20260864,match,6026.631558038485,6362.940442789157,,,,,,,457.3325949799877,517.5245915786975,4833.0,454.7024718204793,,,
20260864,match_repl,6000.4635284384685,6364.612200620476,,,533.523152994983,515.9043210079714,539.307094275395,,457.7080907384735,,4835.0,464.0936401682594,473.79601028165,4207.0,9.0
20260864,maha,6825.565085867991,6362.940442789157,,,,,,,360.09385723742014,,4833.0,347.38221433068463,,,
20260864,maha13,6439.028132038288,6326.217780827704,,,,,,,310.7095339674125,,4736.0,301.8217272851846,,,
20260865,odds,5816.224831944615,6323.778324968633,364.9636358315192,240.7930084101052,237.70497377591815,501.82664197265353,364.9389609822609,,,,,,,,
20260865,ipw_ate,4260.448523904568,5382.338065590692,632.8244305254073,529.7801273427152,297.4983105689794,210.563564349204,635.1324573264015,,,,,,,,
20260865,dr_att,5733.266183366546,6323.778324968633,266.99145730921646,,,,,,,,,,,,
20260865,dr_ate,4487.183505942733,5382.338065590692,445.0875082530514,,,,,,,,,,,,
20260865,sub20,5814.287084773408,6323.778324968633,317.6829153458848,,,,,,,,,,,,
20260865,sub20_reg,5895.594985197218,6323.778324968633,,,,,,,,,,,,,
20260865,match,5939.678806532665,6320.48371440536,,,,,,,437.50560021710686,508.3023753732372,4776.0,398.0712776314221,,,
20260865,match_repl,5978.79801716918,6320.48371440536,,,523.24740416463,507.56142009284986,527.018909026399,,437.9775275697082,,4776.0,439.87249583661713,451.1412719257396,4212.0,5.0
20260865,maha,5882.202814070351,6320.48371440536,,,,,,,342.37325680058615,,4776.0,354.7872797588861,,,
20260865,maha13,5909.929794063343,6293.171482743929,,,,,,,286.87289292445524,,4694.0,272.38513515716994,,,
20260866,odds,5661.721949919825,6481.365712512927,361.76639949013605,239.12928832807532,238.53703578453025,501.380315963308,361.7778451468609,,,,,,,,
20260866,ipw_ate,3983.9997587773178,5417.223638896694,672.0662484154225,568.4420790839633,304.9431907815105,215.68354132344507,672.7236515095362,,,,,,,,
20260866,dr_att,5557.30943258638,6481.365712512927,268.247307605128,,,,,,,,,,,,
20260866,dr_ate,4347.173628944038,5417.223638896694,483.3894569870639,,,,,,,,,,,,
20260866,sub20,5534.178921315002,6481.365712512927,319.5627156563515,,,,,,,,,,,,
20260866,sub20_reg,5852.834742094449,6481.365712512927,,,,,,,,,,,,,
20260866,match,5888.183360248448,6476.729285714286,,,,,,,414.1708680934953,491.2050419376564,4830.0,377.6231899846138,,,
20260866,match_repl,5749.951460186143,6481.365712512927,,,508.2984239546923,491.5669700885143,515.5420374596562,,416.0867636201477,,4835.0,401.7044724815421,435.105031884686,4209.0,5.0
20260866,maha,6261.945449275363,6476.729285714286,,,,,,,336.00562113108003,,4830.0,333.35016787454606,,,
20260866,maha13,6038.862864339435,6416.616511281397,,,,,,,281.7248120756691,,4698.0,267.14600470953826,,,
20260867,odds,5589.536826581178,6482.679893439197,355.3269756381077,233.869423856723,235.50121436531828,496.7201638445017,355.28765864090445,,,,,,,,
20260867,ipw_ate,3717.5615760472574,5425.661102084898,580.0609119514717,474.0920492995415,293.0066393193955,207.5086186489088,583.4460962193415,,,,,,,,
20260867,dr_att,5488.462886610374,6482.679893439197,262.199716028254,,,,,,,,,,,,
20260867,dr_ate,4000.655425697561,5425.661102084898,391.3943846778853,,,,,,,,,,,,
20260867,sub20,5575.640714515091,6482.679893439197,309.4806130799732,,,,,,,,,,,,
20260867,sub20_reg,5704.976226688106,6482.679893439197,,,,,,,,,,,,,
20260867,match,5195.013532608696,6481.489650919733,,,,,,,427.951809186286,501.2980539522627,4784.0,419.3108083800013,,,
20260867,match_repl,5296.968653846154,6481.489650919733,,,515.7213284219102,499.2580215150441,524.5542022812289,,424.1319324730351,,4784.0,441.315912685862,444.78739881529054,4183.0,6.0
20260867,maha,5944.199055183947,6481.489650919733,,,,,,,340.2642662211507,,4784.0,335.6468201305595,,,
20260867,maha13,6051.56013805864,6437.078970964987,,,,,,,288.37601383555403,,4684.0,279.4088961674456,,,
20260868,odds,5552.987329971387,6350.170740515317,367.7168992706834,243.13139791067707,242.5569061732525,504.5445217026278,367.6864225518853,,,,,,,,
20260868,ipw_ate,4007.093713676521,5406.3308947701535,641.1415133362906,528.4068316515869,305.7033513305221,216.3668035441483,643.4398382215943,,,,,,,,
20260868,dr_att,5399.428564732323,6350.170740515317,266.6872802550171,,,,,,,,,,,,
20260868,dr_ate,4378.200546577251,5406.3308947701535,444.7622179764924,,,,,,,,,,,,
20260868,sub20,5569.438091433889,6350.170740515317,321.3557582121257,,,,,,,,,,,,
20260868,sub20_reg,5694.228499964408,6350.170740515317,,,,,,,,,,,,,
20260868,match,5673.072563426021,6348.906561802314,,,,,,,433.8128134577946,500.5356132141156,4927.0,435.05758782699417,,,
20260868,match_repl,5858.656313653885,6350.170740515317,,,514.527361006445,498.404594648681,521.0631271653112,,433.9968422833698,,4929.0,424.9134066611077,454.003285172534,4321.0,5.0
20260868,maha,5898.607290440431,6348.906561802314,,,,,,,331.29328304015866,,4927.0,339.77484023095417,,,
20260868,maha13,5955.009534690486,6297.19102617366,,,,,,,289.4159611520909,,4814.0,290.16073316299986,,,
20260869,odds,5790.18673134068,6450.539889321582,354.5857627077865,229.66162317591449,237.5826349600752,496.78819216368805,354.48673712036754,,,,,,,,
20260869,ipw_ate,3821.140546291237,5424.085483266587,567.2045755940105,457.7463833324866,294.1427218570804,208.42085330864825,571.6445171136646,,,,,,,,
20260869,dr_att,5582.31838569,6450.539889321582,257.40297946570905,,,,,,,,,,,,
20260869,dr_ate,4278.93606772929,5424.085483266587,377.82221832239225,,,,,,,,,,,,
20260869,sub20,5862.022509579735,6450.539889321582,309.6226814419539,,,,,,,,,,,,
20260869,sub20_reg,5966.457229103787,6450.539889321582,,,,,,,,,,,,,
20260869,match,6126.199807219032,6448.479936423298,,,,,,,432.7332081469534,489.2809366134283,4876.0,440.2064041330253,,,
20260869,match_repl,6160.493668784587,6450.5398893215815,,,505.4585655474344,489.9362696477131,510.1430373397039,,432.606454479528,,4879.0,424.02325301638376,447.2266306814282,4289.0,5.0
20260869,maha,6870.491255127154,6448.479936423298,,,,,,,335.239831554088,,4876.0,315.61306962261324,,,
20260869,maha13,6375.9387473990855,6414.894232209738,,,,,,,286.4590588010716,,4806.0,288.38554733415333,,,
20260870,odds,6289.592011016743,6476.353862889983,366.895084104021,237.47287475369828,240.8704767001966,502.7543948531822,366.842146597802,,,,,,,,
20260870,ipw_ate,4789.599275861547,5415.080835982573,600.2117238666596,483.3921218609415,298.14610527660705,211.1278541081469,603.5346676509253,,,,,,,,
20260870,dr_att,6145.758611940164,6476.353862889983,261.3594949209839,,,,,,,,,,,,
20260870,dr_ate,5131.916879512239,5415.080835982573,393.9391630968012,,,,,,,,,,,,
20260870,sub20,6259.481396382281,6476.353862889983,324.82132637868085,,,,,,,,,,,,
20260870,sub20_reg,6427.515573855536,6476.353862889983,,,,,,,,,,,,,
20260870,match,6995.835525179856,6471.675319630011,,,,,,,437.3908378353346,499.1268576115231,4865.0,414.6071602518196,,,
20260870,match_repl,7055.608681724846,6474.52888295688,,,517.2773345143884,500.7316014732998,524.78698576368,,433.0295423473576,,4870.0,439.2314513829626,452.1669469913489,4257.0,6.0
20260870,maha,6638.079745170571,6471.157394163584,,,,,,,350.0615594596346,,4866.0,334.0026487289783,,,
20260870,maha13,6562.646085043989,6429.579796816087,,,,,,,288.033384335157,,4774.0,271.8241700801121,,,
20260871,odds,5577.528742336966,6460.174672972429,350.448203894616,227.80158329156245,234.8210692460378,485.9999417837575,350.40916958929307,,,,,,,,
20260871,ipw_ate,3805.612310033823,5418.426152238245,548.8872839078149,441.1548236861535,288.599630604227,204.34664623851305,551.6633011231083,,,,,,,,
20260871,dr_att,5435.718708180892,6460.174672972429,251.92123882596488,,,,,,,,,,,,
20260871,dr_ate,4199.4648089825305,5418.426152238245,366.9435656170765,,,,,,,,,,,,
20260871,sub20,5511.143182070586,6460.174672972429,307.9860851360511,,,,,,,,,,,,
20260871,sub20_reg,5730.561463442538,6460.174672972429,,,,,,,,,,,,,
20260871,match,5581.548231265108,6457.686631748591,,,,,,,420.5967608628624,480.563120048096,4964.0,408.09959752258266,,,
20260871,match_repl,5300.79133883632,6459.399243003825,,,497.89546402552696,481.6125361460598,505.5937865474181,,423.4081366150673,,4967.0,422.16021631698266,438.24460473698855,4328.0,5.0
20260871,maha,6160.697693856999,6458.265113796576,,,,,,,323.8646391371911,,4965.0,344.79876890214706,,,
20260871,maha13,5864.53130979265,6417.891802504619,,,,,,,275.5500640287776,,4871.0,276.1491149132097,,,
20260872,odds,5588.055866458577,6560.962331236898,347.4176085492149,224.60282485647056,233.66550372767256,494.0226398253732,347.4663650835905,,,,,,,,
20260872,ipw_ate,3970.859502706364,5415.418962547519,595.491894114673,486.86863517090575,293.77358273731363,207.5350668361032,593.4043923942274,,,,,,,,
20260872,dr_att,5569.693697056854,6560.962331236898,257.0694141158155,,,,,,,,,,,,
20260872,dr_ate,4177.024136255425,5415.418962547519,407.0063515058472,,,,,,,,,,,,
20260872,sub20,5426.355870605068,6560.962331236898,301.62616483253026,,,,,,,,,,,,
20260872,sub20_reg,5777.138865151141,6560.962331236898,,,,,,,,,,,,,
20260872,match,5788.3071704856,6554.122985074627,,,,,,,414.4528685626224,482.79511948112287,4757.0,407.8811138640093,,,
20260872,match_repl,5641.252319144475,6560.067804571188,,,505.3723821668426,488.80445245692647,524.8896200061633,,418.4022104762327,,4769.0,415.4315614837375,440.5313560765883,4154.0,6.0
20260872,maha,6072.630067269288,6554.122985074627,,,,,,,330.2597772884861,,4757.0,328.5757055554107,,,
20260872,maha13,6104.07703520115,6508.396463362069,,,,,,,271.6615948305983,,4640.0,272.3703395212301,,,
20260873,odds,5993.098679670806,6460.969831985066,365.9919644607647,238.14266515884376,239.3840522966995,504.01641150279386,366.0033573326971,,,,,,,,
20260873,ipw_ate,4559.599354793914,5432.1921294671065,588.5352133987922,473.4574590023173,296.80108996213863,209.85380515667265,588.3665601732076,,,,,,,,
20260873,dr_att,5990.329502786353,6460.969831985066,264.7507235369709,,,,,,,,,,,,
20260873,dr_ate,4796.164519905788,5432.1921294671065,398.4124720867941,,,,,,,,,,,,
20260873,sub20,5864.319456838025,6460.969831985066,317.3768139518311,,,,,,,,,,,,
20260873,sub20_reg,6193.410261832169,6460.969831985066,,,,,,,,,,,,,
20260873,match,5812.945619423116,6460.480008300478,,,,,,,437.00517574384895,500.8510136473871,4819.0,431.8475221054165,,,
20260873,match_repl,5918.210626686034,6460.480008300478,,,513.3238537501168,498.0473502303477,519.894384852959,,432.9044100495989,,4819.0,414.667826882496,450.0248325970186,4254.0,6.0
20260873,maha,6948.803301514837,6460.480008300478,,,,,,,331.6716722921372,,4819.0,336.15737028347235,,,
20260873,maha13,6538.720165534804,6417.364047113752,,,,,,,285.2721701713259,,4712.0,291.6552731850359,,,
20260874,odds,5895.3010742197,6393.971783187682,380.77967278148793,242.2355953299857,246.11139989700368,518.4090074299635,380.8593355090981,,,,,,,,
20260874,ipw_ate,5246.349841225645,5406.372423125676,676.0219295456957,549.6691006711994,311.1608554826233,219.93393822374932,674.8837079682952,,,,,,,,
20260874,dr_att,5926.520450757185,6393.971783187682,267.2947731365525,,,,,,,,,,,,
20260874,dr_ate,5315.25838744849,5406.372423125676,458.4321873168601,,,,,,,,,,,,
20260874,sub20,5766.029288368559,6393.971783187682,326.17256762283654,,,,,,,,,,,,
20260874,sub20_reg,6008.430456452084,6393.971783187682,,,,,,,,,,,,,
20260874,match,6298.650114583334,6390.658304166666,,,,,,,432.1497357055092,505.7110979554887,4800.0,430.0484645190424,,,
20260874,match_repl,6071.379155222639,6393.971783187682,,,522.3566323129579,505.47833389732347,532.7789049297404,,436.2639344072167,,4806.0,445.7535469378979,455.8558337609245,4195.0,7.0
20260874,maha,6283.70482392165,6389.954661387789,,,,,,,350.0446257354816,,4799.0,356.1953704488057,,,
20260874,maha13,5979.435339214,6322.4850150602415,,,,,,,293.5072283717864,,4648.0,302.7438230897076,,,
20260875,odds,5871.984564075046,6473.435988932158,373.09461385622,245.22636772016403,243.24829937469076,507.791042477268,373.0331765707919,,,,,,,,
20260875,ipw_ate,4882.241930948687,5428.702644210427,625.6871335893861,515.461917564448,300.3233831528883,212.51203609327223,627.4479703151666,,,,,,,,
20260875,dr_att,5844.395568562113,6473.435988932158,270.098830311031,,,,,,,,,,,,
20260875,dr_ate,5127.993379300936,5428.702644210427,432.1106742904946,,,,,,,,,,,,
20260875,sub20,5901.150618461575,6473.435988932158,326.96930704858244,,,,,,,,,,,,
20260875,sub20_reg,6002.695544390082,6473.435988932158,,,,,,,,,,,,,
20260875,match,5563.267560525236,6469.472954452195,,,,,,,453.9749736535022,520.5924884981933,4874.0,472.4423848852744,,,
20260875,match_repl,5751.531166461665,6472.849272242723,,,533.9937158841386,516.7155119809346,538.371792583192,,447.7559443848081,,4878.0,448.5078796535898,469.089694587605,4257.0,7.0
20260875,maha,6556.548705375461,6469.472954452195,,,,,,,344.56145174634315,,4874.0,363.338528699181,,,
20260875,maha13,6267.677601898381,6429.503172110552,,,,,,,292.36078287810136,,4776.0,298.2870272719989,,,
20260876,odds,5768.086025782242,6477.880229908037,367.69878275249295,237.39736757188453,242.96018641482615,501.3274452574669,367.7200719766272,,,,,,,,
20260876,ipw_ate,4856.5129904736605,5416.024821965427,639.0318301120727,518.1501357281678,306.86517394423225,216.93323701344107,638.4335285704401,,,,,,,,
20260876,dr_att,5689.375861363023,6477.880229908037,262.80183847229216,,,,,,,,,,,,
20260876,dr_ate,4930.722470930064,5416.024821965427,437.4748417613597,,,,,,,,,,,,
20260876,sub20,5606.370619612225,6477.880229908037,316.65671300369524,,,,,,,,,,,,
20260876,sub20_reg,5842.743285966131,6477.880229908037,,,,,,,,,,,,,
20260876,match,5946.81595,6476.073291999999,,,,,,,419.2056219280613,493.638422023968,5000.0,405.9716830234945,,,
20260876,match_repl,6042.523291341731,6476.848150369926,,,503.9560467368901,488.0574296702432,511.627295201436,,414.2237486818649,,5001.0,423.3145951385051,432.6323620371091,4380.0,5.0
20260876,maha,6189.041478,6476.073291999999,,,,,,,346.7297195858408,,5000.0,335.0864008571164,,,
20260876,maha13,5979.52790225151,6417.063035420099,,,,,,,285.5398265542955,,4856.0,275.21338587145124,,,
20260877,odds,5707.414041651529,6515.203981023103,356.84299697192586,228.41228713298085,234.59302015494904,491.07238216205536,356.8140001364971,,,,,,,,
20260877,ipw_ate,4362.069797865552,5430.531749076275,623.2428421245519,509.7381089318167,299.31932162473714,211.7490664317002,624.3732805307999,,,,,,,,
20260877,dr_att,5635.816911906132,6515.203981023103,258.7735058485979,,,,,,,,,,,,
20260877,dr_ate,4586.942104424385,5430.531749076275,423.204604483902,,,,,,,,,,,,
20260877,sub20,5681.737563602931,6515.203981023103,307.4962116378992,,,,,,,,,,,,
20260877,sub20_reg,5758.7039885330605,6515.203981023103,,,,,,,,,,,,,
20260877,match,5968.365126934984,6514.486330237358,,,,,,,409.45506661466334,484.3098818856306,4845.0,427.0921478139221,,,
20260877,match_repl,6101.685449669967,6515.203981023102,,,499.6821800821754,483.4657031539631,507.1843643497404,,407.8422546648929,,4848.0,436.0992999965324,429.6712738762282,4229.0,7.0
20260877,maha,6499.441391124871,6514.486330237358,,,,,,,315.9909708456062,,4845.0,324.1849963615165,,,
20260877,maha13,5976.898427295463,6433.462670953912,,,,,,,277.79605249048086,,4665.0,267.92159713810577,,,
20260878,odds,5742.9143205989385,6496.748560915781,366.9475575698154,237.2333824355817,239.97051253645589,500.9742513811647,366.8970718069049,,,,,,,,
20260878,ipw_ate,4039.891978308231,5419.469071152269,574.8469451468767,455.48745429817353,295.9841286546192,209.45751825955816,576.5881662554758,,,,,,,,
20260878,dr_att,5766.663922413119,6496.748560915781,263.511551714515,,,,,,,,,,,,
20260878,dr_ate,4281.495262462682,5419.469071152269,376.7928908121672,,,,,,,,,,,,
20260878,sub20,5695.756197421608,6496.748560915781,327.2535390713065,,,,,,,,,,,,
20260878,sub20_reg,5860.616945972705,6496.748560915781,,,,,,,,,,,,,
20260878,match,6261.776507157464,6494.956415132924,,,,,,,437.5041414493741,493.56818773708426,4890.0,420.366882016802,,,
20260878,match_repl,6214.142488752556,6494.956415132924,,,510.80095014503263,494.6651877466563,518.8263254775068,,436.1104666448147,,4890.0,434.1221985072806,453.7192716010403,4282.0,6.0
20260878,maha,6141.628574642127,6494.956415132924,,,,,,,339.7498788823375,,4890.0,344.19418580259526,,,
20260878,maha13,6083.6349505991175,6435.274231658608,,,,,,,291.7938901182405,,4757.0,305.3783840256716,,,
20260879,odds,5498.753051653697,6412.8454938146415,368.7754878990825,245.63501258723477,243.5442710664758,506.4175190416691,368.74439751163646,,,,,,,,
20260879,ipw_ate,3640.901083037941,5410.125954837499,628.0355404698627,522.6561630995083,302.36352210303806,213.99653262343824,630.2102576759794,,,,,,,,
20260879,dr_att,5379.816586612595,6412.8454938146415,267.8176184755298,,,,,,,,,,,,
20260879,dr_ate,4159.352848534648,5410.125954837499,441.51932509735343,,,,,,,,,,,,
20260879,sub20,5448.434161960108,6412.8454938146415,329.73462222742126,,,,,,,,,,,,
20260879,sub20_reg,5857.00888909083,6412.8454938146415,,,,,,,,,,,,,
20260879,match,6041.161693368485,6412.845493814642,,,,,,,424.23722491628274,494.4595457404165,4931.0,436.6294621754158,,,
20260879,match_repl,6065.495187588725,6412.845493814642,,,509.7330297235674,493.47346363997457,518.3087213256217,,423.316793771435,,4931.0,415.2947787623205,444.9787181992479,4312.0,9.0
20260879,maha,6185.485651997567,6412.845493814642,,,,,,,349.74902968789735,,4931.0,342.18316333214767,,,
20260879,maha13,6277.084907445778,6362.848373394115,,,,,,,288.69109128479363,,4826.0,284.2326751110057,,,
20260880,odds,5705.306283772858,6417.915212108732,387.145081750269,254.924639616697,248.3678818245308,519.6834331753831,387.1371967812005,,,,,,,,
20260880,ipw_ate,4485.5994279976,5416.616883217688,655.0110602716733,533.5409402475962,306.13753929603143,216.50186104431432,655.3777965504196,,,,,,,,
20260880,dr_att,5629.548070940064,6417.915212108732,273.08564448017364,,,,,,,,,,,,
20260880,dr_ate,4722.281211143648,5416.616883217688,452.89449749954815,,,,,,,,,,,,
20260880,sub20,5597.166841771183,6417.915212108732,347.21667282332743,,,,,,,,,,,,
20260880,sub20_reg,5812.655375915694,6417.915212108732,,,,,,,,,,,,,
20260880,match,5840.4552865979385,6414.703164948454,,,,,,,451.1445114261816,512.43900931662,4850.0,453.8158866039395,,,
20260880,match_repl,5845.511647446458,6417.915212108731,,,527.755172314274,511.2738358583477,534.4127527632112,,449.86720986778295,,4856.0,484.70572709991984,472.7843811995356,4259.0,5.0
20260880,maha,6108.791282738709,6414.0129964941225,,,,,,,344.7972845186516,,4849.0,341.7320122104158,,,
20260880,maha13,6262.3720894685175,6374.434760201935,,,,,,,294.46860611967367,,4754.0,295.87830343058425,,,
20260881,odds,5721.919859111225,6393.451725867112,374.502687381396,242.426154163839,243.4109890786424,513.7492736609686,374.4642683516512,,,,,,,,
20260881,ipw_ate,4517.746089949629,5422.127282234051,662.8516789943081,543.9506194448987,306.6823706237814,216.9026307130288,663.4411965406559,,,,,,,,
20260881,dr_att,5635.184879246708,6393.451725867112,267.411748065296,,,,,,,,,,,,
20260881,dr_ate,4732.039108073143,5422.127282234051,454.8783964245542,,,,,,,,,,,,
20260881,sub20,5593.155846249758,6393.451725867112,325.1150165486161,,,,,,,,,,,,
20260881,sub20_reg,5872.377596030658,6393.451725867112,,,,,,,,,,,,,
20260881,match,5916.33795777592,6392.01974916388,,,,,,,431.9152649348698,501.99662938823263,4784.0,425.1157026204925,,,
20260881,match_repl,5845.136404682275,6392.01974916388,,,519.6728039948889,502.886908944317,532.7357012250984,,433.78709143413226,,4784.0,459.1096748662517,454.0120858457048,4176.0,5.0
20260881,maha,6266.294280936455,6392.01974916388,,,,,,,334.698232449107,,4784.0,332.6600624325317,,,
20260881,maha13,6021.977153253424,6332.653949058219,,,,,,,286.93591473757965,,4672.0,298.05318480942594,,,
20260882,odds,6430.1119168587065,6462.864875705034,373.3256585091593,238.51688521793557,240.16754794708748,506.690944154236,373.3233642660612,,,,,,,,
20260882,ipw_ate,5500.313211994748,5421.749243064356,614.1940768690855,487.1697542888464,295.67135789745254,209.1162121252836,614.7038986186664,,,,,,,,
20260882,dr_att,6398.192052595515,6462.864875705034,261.797630136687,,,,,,,,,,,,
20260882,dr_ate,5514.001429770562,5421.749243064356,384.9723753999172,,,,,,,,,,,,
20260882,sub20,6356.114567459669,6462.864875705034,325.43534726643384,,,,,,,,,,,,
20260882,sub20_reg,6502.335693385078,6462.864875705034,,,,,,,,,,,,,
20260882,match,6480.060453595318,6460.900484949833,,,,,,,433.1173342959572,501.2280559205213,4784.0,465.5528584825868,,,
20260882,match_repl,6643.418234064786,6461.600309299894,,,516.6491308768105,501.07919903365496,521.2110926475668,,431.9863766452576,,4785.0,452.0344121467671,447.08925901760574,4217.0,8.0
20260882,maha,6554.094644648829,6460.900484949833,,,,,,,342.1702957347189,,4784.0,355.2393575636048,,,
20260882,maha13,6754.022940838186,6380.113303860255,,,,,,,292.6827688225365,,4637.0,290.6338767840654,,,
20260883,odds,5638.740144725038,6323.897055499496,360.5935216438054,238.5945551877693,239.61718916128345,496.1973551463523,360.64752219247646,,,,,,,,
20260883,ipw_ate,4120.883630787466,5426.896528353429,622.8384893397723,515.5887756130961,298.72006858324573,211.25795129986457,623.1242130808815,,,,,,,,
20260883,dr_att,5667.134917645485,6323.897055499496,263.19512954444417,,,,,,,,,,,,
20260883,dr_ate,4606.099080264501,5426.896528353429,435.83868306538847,,,,,,,,,,,,
20260883,sub20,5574.047148488593,6323.897055499496,312.59934836814216,,,,,,,,,,,,
20260883,sub20_reg,5964.838416643262,6323.897055499496,,,,,,,,,,,,,
20260883,match,5462.026256814052,6322.548019382192,,,,,,,417.9699421436541,493.6910464150328,4953.0,431.7399446247665,,,
20260883,match_repl,5442.127618086394,6323.417509083568,,,509.91200002245273,493.9095286854689,519.2556688819119,,418.9824976241059,,4954.0,410.56766183321054,435.2586514905119,4342.0,6.0
20260883,maha,6534.777703957996,6321.883325928917,,,,,,,332.27943291041424,,4952.0,362.92851183478575,,,
20260883,maha13,6291.895515567575,6265.990490950697,,,,,,,284.8426865774201,,4807.0,279.13679272476963,,,
20260884,odds,5647.3765511638885,6441.114578337736,379.00951326899343,251.61490251951736,246.2480507882099,512.5279173759506,378.96902273389657,,,,,,,,
20260884,ipw_ate,4544.370532944005,5430.616873490444,639.4644857225409,526.2210713788031,305.7451524696178,216.31231670326667,640.839961702527,,,,,,,,
20260884,dr_att,5547.301704133881,6441.114578337736,273.2334735679475,,,,,,,,,,,,
20260884,dr_ate,4757.5289189695495,5430.616873490444,450.7532086203163,,,,,,,,,,,,
20260884,sub20,5512.691850879162,6441.114578337736,337.9574161678417,,,,,,,,,,,,
20260884,sub20_reg,5782.222984658727,6441.114578337736,,,,,,,,,,,,,
20260884,match,5519.286691744613,6439.934200894672,,,,,,,454.1669140878515,509.8486260854131,4918.0,478.146674240742,,,
20260884,match_repl,5748.77020321073,6441.114578337736,,,521.4005605791447,504.8165584007816,526.3510966389439,,448.8023853125429,,4921.0,439.78570305852014,470.926917621834,4305.0,5.0
20260884,maha,6393.041986579911,6439.934200894672,,,,,,,351.71469289198234,,4918.0,352.9121056254877,,,
20260884,maha13,5975.000238045665,6387.636348115761,,,,,,,294.705019476593,,4803.0,303.3559629542097,,,
20260885,odds,5584.148858753779,6421.5205919528125,356.95278954937663,233.0808997172704,236.2715128221965,500.958738927837,356.9316044727413,,,,,,,,
20260885,ipw_ate,3708.9749416273335,5404.155093601368,591.211117014807,479.6833083042355,292.5794593758636,207.0370955444443,592.8575220269391,,,,,,,,
20260885,dr_att,5489.750258709545,6421.5205919528125,259.23601198252754,,,,,,,,,,,,
20260885,dr_ate,4051.73090153963,5404.155093601368,388.4423888901303,,,,,,,,,,,,
20260885,sub20,5553.299380526127,6421.5205919528125,314.6764306204334,,,,,,,,,,,,
20260885,sub20_reg,5802.468410417051,6421.5205919528125,,,,,,,,,,,,,
20260885,match,5627.577770284511,6420.362366701792,,,,,,,437.37591944325607,499.6205584882386,4745.0,437.3559106083472,,,
20260885,match_repl,5525.734808259586,6420.720263379689,,,515.3214396428734,498.9613435559531,529.5991245687841,,438.21493474496486,,4746.0,418.057478444669,463.1759830823687,4153.0,6.0
20260885,maha,6638.195997048903,6419.773623524452,,,,,,,333.9310439400629,,4744.0,342.1820324048168,,,
20260885,maha13,6346.648133104091,6376.674616376532,,,,,,,278.0949246871779,,4653.0,277.0466316954689,,,
20260886,odds,5739.447937271729,6437.032263763353,358.2517538107776,232.5723575600348,237.10000607032504,495.6015582420421,358.25164637670457,,,,,,,,
20260886,ipw_ate,4230.0355472568335,5407.256791441336,605.0112973876181,490.6483963012867,297.32843898337194,210.279456418902,605.414800342672,,,,,,,,
20260886,dr_att,5609.00573612256,6437.032263763353,260.23501802396305,,,,,,,,,,,,
20260886,dr_ate,4443.950361692888,5407.256791441336,408.5028490681648,,,,,,,,,,,,
20260886,sub20,5641.837440815434,6437.032263763353,312.5690200067982,,,,,,,,,,,,
20260886,sub20_reg,5834.978755902509,6437.032263763353,,,,,,,,,,,,,
20260886,match,5925.572803699897,6434.548302158274,,,,,,,413.8491392745197,488.2166648320177,4865.0,440.8645058927215,,,
20260886,match_repl,5954.495974933224,6435.857649476064,,,504.2555460504482,487.55386054279467,514.0045946941589,,414.12830902798873,,4867.0,415.5365918415302,436.3206262395766,4233.0,6.0
20260886,maha,6362.519033915725,6434.302285714286,,,,,,,325.5442575511468,,4865.0,329.8647067417512,,,
20260886,maha13,6033.753024574669,6384.489741650914,,,,,,,283.3502291854996,,4761.0,285.4480778527471,,,
20260887,odds,5674.266598750848,6466.832419354838,359.91067906401656,235.39501183728487,238.2498001141849,497.9393689348101,359.95468960880817,,,,,,,,
20260887,ipw_ate,3992.821329493068,5414.014761938169,569.1030998463425,459.944749130428,291.5317809131472,206.1264751874903,568.8894780868219,,,,,,,,
20260887,dr_att,5706.690526623068,6466.832419354838,260.0352922801848,,,,,,,,,,,,
20260887,dr_ate,4222.198042525781,5414.014761938169,390.384266147946,,,,,,,,,,,,
20260887,sub20,5558.148655788722,6466.832419354838,322.10470621602246,,,,,,,,,,,,
20260887,sub20_reg,5808.353542784296,6466.832419354838,,,,,,,,,,,,,
20260887,match,5714.764883483238,6462.992085036795,,,,,,,440.0618953005508,498.7752614534751,4892.0,433.5357105894613,,,
20260887,match_repl,5786.048019195426,6466.315960792323,,,511.36583133776736,495.37048741322826,515.9270647478514,,436.3783539439944,,4897.0,413.7145053485946,451.6684493030903,4294.0,6.0
20260887,maha,6159.792158626329,6462.992085036795,,,,,,,347.5520649248619,,4892.0,335.82888007587763,,,
20260887,maha13,5937.531153066219,6410.566385567442,,,,,,,292.7072475704491,,4767.0,279.0050242641218,,,
20260888,odds,5658.0304385306445,6463.524818461539,342.895656230352,227.3360899946557,229.89552559932375,480.28182171525503,342.82200450800394,,,,,,,,
20260888,ipw_ate,3515.533183221043,5412.111785940767,587.7570092467228,495.1743500351359,288.82659479501643,204.4963848430378,590.6870560126252,,,,,,,,
20260888,dr_att,5553.905984791872,6463.524818461539,257.72291855939056,,,,,,,,,,,,
20260888,dr_ate,3973.5854316261216,5412.111785940767,420.3936741485696,,,,,,,,,,,,
20260888,sub20,5632.086978477525,6463.524818461539,298.8919861251061,,,,,,,,,,,,
20260888,sub20_reg,5912.30525499626,6463.524818461539,,,,,,,,,,,,,
20260888,match,5730.615820160131,6461.217205912543,,,,,,,405.0756756750301,476.5870215709338,4871.0,394.4498008072607,,,
20260888,match_repl,5935.31932923077,6463.524818461539,,,489.8987324340476,474.8935732931702,497.8947613462297,,401.08440676481314,,4875.0,410.1978374801005,419.3444991226834,4287.0,5.0
20260888,maha,6740.955441297208,6461.762719622331,,,,,,,319.1169957376267,,4872.0,316.21964804719306,,,
20260888,maha13,6133.654156361349,6414.352508907986,,,,,,,275.9875415700053,,4771.0,271.33046159526646,,,
20260889,odds,6121.315627619417,6395.259963746224,379.6522806387096,252.0541013238344,250.27368324527552,518.7127650262781,379.5900580838917,,,,,,,,
20260889,ipw_ate,4285.894307561415,5426.857469653653,565.9738814673267,451.15827578583577,300.47184776957914,212.5668703638259,567.0435421273106,,,,,,,,
20260889,dr_att,6018.323503948531,6395.259963746224,272.01146800435856,,,,,,,,,,,,
20260889,dr_ate,4776.854391126358,5426.857469653653,387.1234506512079,,,,,,,,,,,,
20260889,sub20,6075.982495318821,6395.259963746224,343.8652630646428,,,,,,,,,,,,
20260889,sub20_reg,6400.946016562231,6395.259963746224,,,,,,,,,,,,,
20260889,match,5560.526233635448,6395.259963746224,,,,,,,468.7364224204852,531.069634133855,4965.0,460.292062008684,,,
20260889,match_repl,5583.3110433031225,6395.259963746224,,,549.6132632961686,532.5179807336694,558.9438147930802,,470.2812789577594,,4965.0,483.2012837526676,488.40881069002944,4357.0,5.0
20260889,maha,6736.633174219538,6395.259963746224,,,,,,,362.0271917604569,,4965.0,351.93387764087146,,,
20260889,maha13,6500.099084752719,6361.703993433203,,,,,,,310.8178741164576,,4873.0,313.7829808001622,,,
20260890,odds,5398.116929679552,6413.160700636943,344.2869048800564,223.348929038844,234.37563225607,490.3668588031824,344.28991171306086,,,,,,,,
20260890,ipw_ate,3117.918709963771,5400.265289201879,500.0924148260914,390.36451217572994,284.8720461849798,201.60836575468048,501.6384551429064,,,,,,,,
20260890,dr_att,5298.252087864839,6413.160700636943,252.3263965697957,,,,,,,,,,,,
20260890,dr_ate,3555.429446392696,5400.265289201879,329.7356159153331,,,,,,,,,,,,
20260890,sub20,5416.228290815913,6413.160700636943,304.1889499846801,,,,,,,,,,,,
20260890,sub20_reg,5675.619776032924,6413.160700636943,,,,,,,,,,,,,
20260890,match,5718.710816536404,6409.796266968326,,,,,,,421.607887755562,475.40360785830194,4862.0,430.0115829578484,,,
20260890,match_repl,5675.808585526315,6411.035692845396,,,492.76287002910345,476.8244447432459,505.0134740892013,,421.1330930938928,,4864.0,409.7826787332785,443.55626208322246,4245.0,5.0
20260890,maha,6257.8128527355,6409.796266968326,,,,,,,329.5854972004255,,4862.0,323.0666069159087,,,
20260890,maha13,6111.424273486283,6359.428088823406,,,,,,,280.86379521877683,,4751.0,283.41273758110225,,,
20260891,odds,5774.993877998368,6474.583630806847,366.21561401412856,236.16513005913944,243.4901528487572,507.4096135522637,366.22976909031377,,,,,,,,
20260891,ipw_ate,4122.080525463905,5443.744326379274,582.0034419660204,460.96718457106863,297.3053534192213,210.12057725642103,580.923674142332,,,,,,,,
20260891,dr_att,5652.851044040905,6474.583630806847,259.2472024170841,,,,,,,,,,,,
20260891,dr_ate,4497.870713779458,5443.744326379274,383.106565878036,,,,,,,,,,,,
20260891,sub20,5648.258324279433,6474.583630806847,329.349358028608,,,,,,,,,,,,
20260891,sub20_reg,6031.544448217217,6474.583630806847,,,,,,,,,,,,,
20260891,match,5470.085181410517,6473.076591928251,,,,,,,452.7105497104147,508.9060308681572,4906.0,451.1817285972612,,,
20260891,match_repl,5436.14035663338,6473.800075402486,,,526.9862346211944,510.1482112364087,537.3112899494564,,454.559973377341,,4907.0,450.9250004896412,473.8197774590303,4290.0,6.0
20260891,maha,6759.985817366491,6473.076591928251,,,,,,,343.76531279702124,,4906.0,333.0711260345362,,,
20260891,maha13,6322.791727796514,6405.364949409781,,,,,,,295.30501320638734,,4744.0,306.1533146823169,,,
20260892,odds,5611.387179593708,6455.703215381469,351.85106325667545,228.1285105166967,233.13151400595137,487.4003836801831,351.8927072896321,,,,,,,,
20260892,ipw_ate,3956.148743962658,5418.086040130177,605.0628052639967,492.62595583583794,293.5274322842655,207.59727037988307,605.4791687148753,,,,,,,,
20260892,dr_att,5515.570280178647,6455.703215381469,254.7100794078661,,,,,,,,,,,,
20260892,dr_ate,4323.709551353167,5418.086040130177,407.4765647387702,,,,,,,,,,,,
20260892,sub20,5585.181659671222,6455.703215381469,305.3593239099629,,,,,,,,,,,,
20260892,sub20_reg,5833.126303307215,6455.703215381469,,,,,,,,,,,,,
20260892,match,5779.904108495394,6452.51868372569,,,,,,,417.3061671862546,476.544519344594,4885.0,424.4413578504248,,,
20260892,match_repl,5773.179723869912,6455.703215381469,,,492.9255027611024,476.8562788280632,503.956507490338,,417.4323995495091,,4889.0,403.19681062085886,437.4237558945732,4262.0,6.0
20260892,maha,6222.401301678266,6453.128765861646,,,,,,,327.9019188889671,,4886.0,338.00528238585065,,,
20260892,maha13,6066.174376762549,6388.706918358715,,,,,,,275.3322336115773,,4728.0,280.5695293100735,,,
20260893,odds,5573.928627023415,6462.19130962171,360.1369662948624,235.77632135576323,239.1817600260138,501.1047339808814,360.0855212402905,,,,,,,,
20260893,ipw_ate,3200.7317364069822,5418.788539554702,564.0055959905789,452.2604684042355,293.5643808081247,207.9471362032769,567.7253268199219,,,,,,,,
20260893,dr_att,5299.634239997744,6462.19130962171,259.0462199146264,,,,,,,,,,,,
20260893,dr_ate,3851.179308693881,5418.788539554702,373.07608252059407,,,,,,,,,,,,
20260893,sub20,5608.5076064746845,6462.19130962171,324.0123309698489,,,,,,,,,,,,
20260893,sub20_reg,5847.943284241175,6462.19130962171,,,,,,,,,,,,,
20260893,match,6109.904002057612,6458.946432098765,,,,,,,435.6061563226573,488.4440476577092,4860.0,433.9826473306701,,,
20260893,match_repl,6141.884511618343,6461.306561793132,,,504.41408812209113,488.3901438871419,511.9769270650063,,435.0703770346451,,4863.0,431.5044217302272,456.3919792144911,4255.0,5.0
20260893,maha,6623.429302469136,6458.946432098765,,,,,,,330.4582696810431,,4860.0,332.6471931384592,,,
20260893,maha13,6385.593878178262,6424.787437133277,,,,,,,282.4247023755876,,4772.0,288.13909518927056,,,
20260894,odds,5741.105716500308,6369.627796183687,373.9542937529745,248.65684363813264,245.141838800406,517.9224796504149,373.9804428821759,,,,,,,,
20260894,ipw_ate,3943.399603598322,5424.318362316116,583.3076498627648,472.4255485174487,301.6948550500829,213.4529493187864,584.5210401452533,,,,,,,,
20260894,dr_att,5729.551550772157,6369.627796183687,276.7366442018338,,,,,,,,,,,,
20260894,dr_ate,4251.182291899645,5424.318362316116,404.4226438175889,,,,,,,,,,,,
20260894,sub20,5712.100924633979,6369.627796183687,332.5400705512352,,,,,,,,,,,,
20260894,sub20_reg,5951.135986520401,6369.627796183687,,,,,,,,,,,,,
20260894,match,5585.849615788368,6364.838309888725,,,,,,,448.1593928159745,507.35668111636886,4763.0,465.46202408247007,,,
20260894,match_repl,5561.235057664081,6369.627796183687,,,525.5804020994891,509.1471248765146,534.9930971358561,,448.2888335588316,,4769.0,441.81764388424193,465.0084334199809,4182.0,5.0
20260894,maha,6083.971133739241,6364.838309888725,,,,,,,357.882765887682,,4763.0,356.243708091782,,,
20260894,maha13,5975.940337823391,6325.959871712636,,,,,,,300.4579418262533,,4677.0,304.04072950897205,,,
20260895,odds,5970.966066335979,6368.105217664295,383.80223765676567,249.09569415115928,247.58181629139665,523.9526074973355,383.81707924858574,,,,,,,,
20260895,ipw_ate,4648.373743395256,5423.120441540836,619.6481311409243,494.58162261602433,302.8946391324959,214.2412235664496,620.3149469875162,,,,,,,,
20260895,dr_att,5915.641601186859,6368.105217664295,271.40326340335287,,,,,,,,,,,,
20260895,dr_ate,4855.367572670662,5423.120441540836,412.5516628410123,,,,,,,,,,,,
20260895,sub20,5899.125486605129,6368.105217664295,342.3133673284892,,,,,,,,,,,,
20260895,sub20_reg,6011.681994936106,6368.105217664295,,,,,,,,,,,,,
20260895,match,5839.704797821078,6364.471089461555,,,,,,,460.4737402273778,529.5501205462776,4773.0,460.4234733949039,,,
20260895,match_repl,5810.236381331101,6368.105217664295,,,546.282114165336,529.6177492938787,551.9073908401679,,462.5445846936338,,4778.0,465.452605895398,479.84715520128526,4204.0,6.0
20260895,maha,6260.50685522732,6364.471089461555,,,,,,,361.3573121455321,,4773.0,387.64354943138073,,,
20260895,maha13,6344.266072141432,6317.523806672369,,,,,,,301.3745146560782,,4676.0,317.4224272575326,,,
20260896,odds,5979.3546440294485,6387.226983933292,364.0567352158943,238.7255967927937,240.80826906874503,501.0484166601773,364.0131060644094,,,,,,,,
20260896,ipw_ate,4413.941196812593,5401.262321709522,572.6931213124049,460.7071847383198,292.92684823364607,207.2802504531654,574.2825350977968,,,,,,,,
20260896,dr_att,5850.522484015582,6387.226983933292,261.5314958737562,,,,,,,,,,,,
20260896,dr_ate,4514.693187667266,5401.262321709522,388.1377007848654,,,,,,,,,,,,
20260896,sub20,5959.818750994457,6387.226983933292,325.8672131718679,,,,,,,,,,,,
20260896,sub20_reg,6029.423927550073,6387.226983933292,,,,,,,,,,,,,
20260896,match,5487.042397803539,6387.226983933292,,,,,,,447.39820704149633,507.2190522117633,4917.0,437.502958578384,,,
20260896,match_repl,5605.647531014845,6387.226983933292,,,519.3887115545372,503.209572962757,529.009109149412,,442.76821790136944,,4917.0,428.45064298015416,463.6839127063057,4314.0,8.0
20260896,maha,6471.863719747813,6387.226983933292,,,,,,,332.95892697412654,,4917.0,343.922225519294,,,
20260896,maha13,6316.754311691904,6346.586604438912,,,,,,,283.4596734518164,,4821.0,272.3704452953559,,,
20260897,odds,5540.300340128797,6438.572950183749,366.02158533117256,242.0167279403732,242.00049627750712,504.9077928128772,366.0070562931915,,,,,,,,
20260897,ipw_ate,3673.372550819651,5399.003236163228,583.5591080745227,477.9375464066519,296.6701894939194,210.09966078669484,586.9035042338963,,,,,,,,
20260897,dr_att,5421.130523233087,6438.572950183749,265.5447632569792,,,,,,,,,,,,
20260897,dr_ate,4141.217966452928,5399.003236163228,398.3041420807442,,,,,,,,,,,,
20260897,sub20,5580.764123338122,6438.572950183749,327.1531286210761,,,,,,,,,,,,
20260897,sub20_reg,5796.761963671111,6438.572950183749,,,,,,,,,,,,,
20260897,match,5455.311692873188,6438.127049213804,,,,,,,468.7684368743417,524.2949204205048,4897.0,459.6688879338466,,,
20260897,match_repl,5662.586736777619,6438.127049213804,,,535.5865116649696,519.482465849807,541.6740651416643,,464.3295969831135,,4897.0,467.3666156400838,486.0879316013664,4317.0,6.0
20260897,maha,6552.235074535431,6438.127049213804,,,,,,,333.05837732280963,,4897.0,329.2049423215241,,,
20260897,maha13,6332.717460383653,6390.115314845704,,,,,,,284.58522792041924,,4796.0,282.7253115764747,,,
20260898,odds,5752.36941030619,6463.079395807646,366.61394712836193,244.4779049801928,241.5028396540651,505.4358682370223,366.5622811502488,,,,,,,,
20260898,ipw_ate,4475.299029881979,5425.895570798743,631.8474039229526,522.9729696997613,301.8217658177793,213.6104367104665,634.0370296783793,,,,,,,,
20260898,dr_att,5640.067515828809,6463.079395807646,268.8717383692857,,,,,,,,,,,,
20260898,dr_ate,4755.70888508149,5425.895570798743,437.6594604273086,,,,,,,,,,,,
20260898,sub20,5739.106365076457,6463.079395807646,318.9701150600281,,,,,,,,,,,,
20260898,sub20_reg,5897.27645770061,6463.079395807646,,,,,,,,,,,,,
20260898,match,5563.113893004115,6457.869899176955,,,,,,,439.1610034348082,507.2853298781716,4860.0,432.7060593758002,,,
20260898,match_repl,5416.065514403293,6457.869899176955,,,523.6108301689248,508.57789005115967,532.323350900933,,441.14124661132576,,4860.0,449.370618050674,457.2079656118643,4310.0,5.0
20260898,maha,6059.527742798354,6457.869899176955,,,,,,,338.5774429868255,,4860.0,350.8253494770368,,,
20260898,maha13,6155.291997633465,6420.508970557528,,,,,,,285.56716243137106,,4789.0,295.41230925068135,,,
20260899,odds,5673.251477472779,6461.024381464626,361.976507452826,239.63003740287328,236.68244050279785,496.8798705000524,361.9717800761906,,,,,,,,
20260899,ipw_ate,4070.796359908301,5414.64065981269,663.7522520681975,556.9492709259364,302.64357838882165,214.20839213156157,666.1939449975711,,,,,,,,
20260899,dr_att,5580.32484203425,6461.024381464626,269.8645272390404,,,,,,,,,,,,
20260899,dr_ate,4450.22404331169,5414.64065981269,462.2009187758648,,,,,,,,,,,,
20260899,sub20,5618.216784790282,6461.024381464626,313.551333367418,,,,,,,,,,,,
20260899,sub20_reg,5836.1139888699445,6461.024381464626,,,,,,,,,,,,,
20260899,match,5577.031277168288,6458.15186296833,,,,,,,417.294870826637,495.3623564844965,4831.0,399.642413116055,,,
20260899,match_repl,5550.798917408404,6458.15186296833,,,509.2629774544943,493.6835210070451,513.8823200829987,,417.4579480805725,,4831.0,420.9544705357719,435.7382237516574,4249.0,5.0
20260899,maha,6417.495036224384,6458.15186296833,,,,,,,328.4049448203953,,4831.0,329.7032946905694,,,
20260899,maha13,6014.316017361846,6406.424732161762,,,,,,,281.7322013716523,,4723.0,288.27900458786337,,,
20260900,odds,5792.31426199208,6381.73354375,369.1166722135388,240.0588693728926,242.4596990211949,510.5971829823055,369.0814464675557,,,,,,,,
20260900,ipw_ate,4005.73587362298,5407.68122495949,591.4693145429799,483.3565621193914,298.5598553591785,211.47941793221557,595.3232107600069,,,,,,,,
20260900,dr_att,5627.920252906348,6381.73354375,265.21657507004187,,,,,,,,,,,,
20260900,dr_ate,4679.077154861078,5407.68122495949,408.6323558200917,,,,,,,,,,,,
20260900,sub20,5815.005706208075,6381.73354375,326.5515693194138,,,,,,,,,,,,
20260900,sub20_reg,6064.586235524091,6381.73354375,,,,,,,,,,,,,
20260900,match,6296.221172054223,6377.755839416059,,,,,,,440.8587632008456,498.16860107299686,4795.0,447.7398113957574,,,
20260900,match_repl,6318.481571815719,6379.514700854701,,,513.6008576624823,497.9964773547441,519.5573730724155,,438.9915698356139,,4797.0,437.7162302830899,454.7132998493296,4223.0,6.0
20260900,maha,6615.154525547446,6377.755839416059,,,,,,,343.2556900031897,,4795.0,338.67435436789816,,,
20260900,maha13,6246.623104818678,6335.53739195231,,,,,,,288.9571633498718,,4697.0,282.45623131884975,,,
20260901,odds,5553.034808838416,6434.713589958159,375.0439608260394,249.4108417986293,243.5123630322373,514.4593858019174,375.0769279495444,,,,,,,,
20260901,ipw_ate,4051.3651518645856,5399.992369507105,637.1086917325504,524.8229874625941,301.1737921826411,212.91600371942377,636.5667070458786,,,,,,,,
20260901,dr_att,5513.285084663164,6434.713589958159,271.68765955888693,,,,,,,,,,,,
20260901,dr_ate,4317.177558107443,5399.992369507105,443.6793583843896,,,,,,,,,,,,
20260901,sub20,5450.139038416825,6434.713589958159,336.8043535804468,,,,,,,,,,,,
20260901,sub20_reg,5768.429386737244,6434.713589958159,,,,,,,,,,,,,
20260901,match,5608.214508694741,6429.64867379007,,,,,,,447.91607351965206,510.2981372618564,4773.0,434.2119868456825,,,
20260901,match_repl,5504.440290916702,6432.909627459188,,,529.6970836779916,513.3670565797261,548.3400109111059,,453.8801667970616,,4778.0,454.5664119813978,475.709467483708,4198.0,6.0
20260901,maha,5939.291902367482,6429.64867379007,,,,,,,366.5207347871107,,4773.0,391.6281162192018,,,
20260901,maha13,6001.115105176251,6369.742838681887,,,,,,,302.2895083197478,,4643.0,302.1677280924757,,,
20260902,odds,5724.516977358169,6428.224481327801,360.120265166048,234.86209502394348,238.1989660865132,500.494244242948,360.1082743544041,,,,,,,,
20260902,ipw_ate,3990.0311475260014,5404.894886267506,619.2397558413165,510.3276923760144,301.4222539779089,213.3850452094458,621.9447038001204,,,,,,,,
20260902,dr_att,5575.028353459081,6428.224481327801,263.3097187762306,,,,,,,,,,,,
20260902,dr_ate,4444.370728558736,5404.894886267506,427.75521418831255,,,,,,,,,,,,
20260902,sub20,5704.727655123732,6428.224481327801,314.3413210807781,,,,,,,,,,,,
20260902,sub20_reg,5934.895993492661,6428.224481327801,,,,,,,,,,,,,
20260902,match,5996.406484018265,6427.716645911166,,,,,,,418.95782660482587,481.0564459806186,4818.0,427.3953402985812,,,
20260902,match_repl,5930.726150653662,6427.544214567337,,,495.8444926167182,480.4513226991105,500.97924696776914,,417.05604299399295,,4819.0,426.3430331386135,430.4009706232367,4230.0,5.0
20260902,maha,7115.620905127673,6426.832898069338,,,,,,,325.30286880467065,,4817.0,325.6945272231782,,,
20260902,maha13,6546.1848295696645,6371.009109501491,,,,,,,282.7083453852757,,4694.0,291.4463255369513,,,
20260903,odds,5541.319895019082,6394.0516311763495,378.1636017786177,246.73493251453183,246.84729653578185,518.6860729004162,378.2263432553296,,,,,,,,
20260903,ipw_ate,4155.352551173797,5405.766090308371,604.3040053661083,475.7857473596099,302.00351836220625,213.43751524468985,603.0777615037034,,,,,,,,
20260903,dr_att,5494.094408323741,6394.0516311763495,268.76264195417144,,,,,,,,,,,,
20260903,dr_ate,4248.982553123813,5405.766090308371,397.8642098070389,,,,,,,,,,,,
20260903,sub20,5351.406218651017,6394.0516311763495,337.4896720351164,,,,,,,,,,,,
20260903,sub20_reg,5527.11501686505,6394.0516311763495,,,,,,,,,,,,,
20260903,match,5559.498587091435,6391.396359122879,,,,,,,462.0138041069208,515.1266212560766,4834.0,481.034650058349,,,
20260903,match_repl,5452.85536918304,6392.216167528439,,,533.3327524846017,516.2333911309092,542.0410528234411,,462.50510790358334,,4835.0,452.8703956436915,482.741289392638,4225.0,6.0
20260903,maha,5971.595536933582,6391.039573763707,,,,,,,349.47330322559515,,4833.0,369.3048945898431,,,
20260903,maha13,5923.777817552778,6344.309745816563,,,,,,,293.7744424888021,,4721.0,292.913436007791,,,
20260904,odds,5552.640460220049,6359.980339506173,380.5407680916492,255.79014524514608,247.3937808548532,518.567961341658,380.5303585970808,,,,,,,,
20260904,ipw_ate,4206.673924963659,5404.001293820106,623.8099362656484,510.948812405588,303.1235351143644,214.32347545849964,623.650626290544,,,,,,,,
20260904,dr_att,5515.3445083871975,6359.980339506173,275.1042683828095,,,,,,,,,,,,
20260904,dr_ate,4482.008407299258,5404.001293820106,437.0760820294444,,,,,,,,,,,,
20260904,sub20,5479.8306704354745,6359.980339506173,342.225843432891,,,,,,,,,,,,
20260904,sub20_reg,5742.656251256146,6359.980339506173,,,,,,,,,,,,,
20260904,match,5819.234797116375,6355.5582245108135,,,,,,,450.3755030965413,504.5806902262394,4855.0,443.44632114563296,,,
20260904,match_repl,5987.57133127572,6359.980339506172,,,520.8858799216284,504.6326722441197,528.6825046199265,,449.15776220059513,,4860.0,477.2279887841351,466.1357993743955,4263.0,6.0
20260904,maha,6485.673542739443,6355.5582245108135,,,,,,,355.8639199910952,,4855.0,355.23809608907226,,,
20260904,maha13,6215.14121949514,6318.900201384519,,,,,,,295.3520978238759,,4767.0,304.50909898256174,,,
20260905,odds,5792.326535960641,6478.669330985916,361.59614902508105,235.40239522339803,237.6423044011256,499.1267245978323,361.5755014639254,,,,,,,,
20260905,ipw_ate,4017.626096513799,5402.685339812664,608.4877874494539,496.1770084224647,299.245046945927,211.8084778852867,610.7754861275072,,,,,,,,
20260905,dr_att,5642.941328172179,6478.669330985916,261.4529511193248,,,,,,,,,,,,
20260905,dr_ate,4372.164500305579,5402.685339812664,415.6268747925624,,,,,,,,,,,,
20260905,sub20,5795.884136331371,6478.669330985916,314.8050923059449,,,,,,,,,,,,
20260905,sub20_reg,5966.905570562611,6478.669330985916,,,,,,,,,,,,,
20260905,match,5728.738548053024,6478.669330985916,,,,,,,429.8558685320451,497.39222095969575,4828.0,411.5269406275594,,,
20260905,match_repl,5773.532893537697,6478.669330985916,,,513.2267589854998,497.516129755798,521.8635922240659,,431.8500691072824,,4828.0,421.0662798388303,448.9480232969895,4246.0,7.0
20260905,maha,6548.130847141673,6478.669330985916,,,,,,,340.8454374207574,,4828.0,343.6271704079946,,,
20260905,maha13,6249.534442793462,6422.917106771387,,,,,,,288.0636636001418,,4711.0,284.9839294434983,,,
20260906,odds,5925.558616747276,6455.586634635044,370.27105239460224,244.25041956772648,239.56898084894868,500.0325033179679,370.2255963089869,,,,,,,,
20260906,ipw_ate,4361.727278178521,5420.005221685276,661.506653120763,552.878971569203,305.08767874897467,216.1405475949913,666.3501931793255,,,,,,,,
20260906,dr_att,5903.1829419088535,6455.586634635044,268.32439823719983,,,,,,,,,,,,
20260906,dr_ate,4716.76447003528,5420.005221685276,456.162756422697,,,,,,,,,,,,
20260906,sub20,5983.306331671358,6455.586634635044,325.20819910046225,,,,,,,,,,,,
20260906,sub20_reg,6063.9172830286125,6455.586634635044,,,,,,,,,,,,,
20260906,match,6121.689271834731,6454.356661894048,,,,,,,431.30647082234645,491.3255920479514,4889.0,460.9034310024077,,,
20260906,match_repl,6302.77605193212,6455.586634635044,,,505.1969551427673,489.05480655902846,509.41213829187774,,429.15001080575377,,4891.0,420.9482041910858,442.91459465836647,4276.0,8.0
20260906,maha,6632.184710574759,6454.356661894048,,,,,,,324.3737657665478,,4889.0,333.57113392602514,,,
20260906,maha13,6316.867464690739,6404.418478396994,,,,,,,285.11147854767444,,4791.0,300.326756959848,,,
20260907,odds,5843.526430660531,6472.103232820512,377.10570778513113,249.88927678539,244.60601627405256,511.4193789845252,377.12406634720895,,,,,,,,
20260907,ipw_ate,4830.331872541356,5434.85046897005,672.5686374832547,560.206329046269,306.9335597321567,216.9448994974621,671.5096433270444,,,,,,,,
20260907,dr_att,5811.369529549137,6472.103232820512,274.32085829365485,,,,,,,,,,,,
20260907,dr_ate,4942.142366965254,5434.85046897005,479.02634245540753,,,,,,,,,,,,
20260907,sub20,5703.328229471544,6472.103232820512,332.6749178476982,,,,,,,,,,,,
20260907,sub20_reg,6002.918308962651,6472.103232820512,,,,,,,,,,,,,
20260907,match,6064.3890229885055,6470.131793924466,,,,,,,439.9422959332814,505.29953851350126,4872.0,439.8937259461188,,,
20260907,match_repl,5916.359121871153,6471.311928600739,,,524.2837332969141,507.0553133827165,536.70099794803,,442.4542933611896,,4874.0,453.3739878783608,464.70435736347486,4244.0,9.0
20260907,maha,6928.987134646963,6470.131793924466,,,,,,,338.63835660917425,,4872.0,342.97540577025205,,,
20260907,maha13,6324.549659305993,6429.886830704521,,,,,,,289.5866163661456,,4755.0,291.8207169279391,,,
20260908,odds,6041.61488072867,6468.446729906161,390.8648596222864,257.00211989006795,252.5302085745679,526.2041094982279,390.8635631814454,,,,,,,,
20260908,ipw_ate,5139.00694471359,5427.713722979323,690.9495865527831,568.7190968681822,318.2007022885892,225.09224839198455,692.0126627806649,,,,,,,,
20260908,dr_att,6003.757673705599,6468.446729906161,277.91001708022094,,,,,,,,,,,,
20260908,dr_ate,5195.286514936669,5427.713722979323,475.73706162526497,,,,,,,,,,,,
20260908,sub20,5952.385311782507,6468.446729906161,341.2722061031126,,,,,,,,,,,,
20260908,sub20_reg,6111.879696013743,6468.446729906161,,,,,,,,,,,,,
20260908,match,5790.668641193298,6462.714303228443,,,,,,,457.0123287726216,521.6395031157289,4894.0,481.998833476044,,,
20260908,match_repl,5878.299553061225,6466.8904612244905,,,535.1783640187084,518.8149539418199,539.4997618900061,,454.5161393874853,,4900.0,463.54711241576496,475.4845070953525,4310.0,6.0
20260908,maha,6475.260895156345,6462.30272430002,,,,,,,338.9063999919483,,4893.0,335.28533082257053,,,
20260908,maha13,6446.560032761745,6415.366597657884,,,,,,,292.3748866178141,,4782.0,300.7614770707945,,,
20260909,odds,5919.151901917339,6537.562779177162,360.8172543042767,233.72358607823065,237.41781124896903,501.6408260863234,360.8248389360655,,,,,,,,
20260909,ipw_ate,4548.325115739528,5436.649473003479,641.7765892752794,532.5939218076012,300.8256430692031,212.82270814792076,642.9874204925151,,,,,,,,
20260909,dr_att,5894.227706302678,6537.562779177162,260.4668645019293,,,,,,,,,,,,
20260909,dr_ate,4937.58903830534,5436.649473003479,444.91522952146937,,,,,,,,,,,,
20260909,sub20,5892.921052976499,6537.562779177162,309.7697989323146,,,,,,,,,,,,
20260909,sub20_reg,6135.815776924304,6537.562779177162,,,,,,,,,,,,,
20260909,match,6272.213227568817,6532.841029628074,,,,,,,421.6648854038484,494.35609055077504,4759.0,421.5662846139177,,,
20260909,match_repl,6350.92458534537,6536.810715935334,,,509.2815735539871,493.11666657652,518.0742307371959,,420.7478653444454,,4763.0,409.5493273960293,434.5673280016818,4168.0,5.0
20260909,maha,6417.831855431814,6532.841029628074,,,,,,,336.23286221993965,,4759.0,338.37833582693435,,,
20260909,maha13,6387.010899992851,6487.382639931375,,,,,,,279.67535111672186,,4663.0,282.0314260938026,,,
20260910,odds,5846.9186356767095,6465.694341342171,373.69242226653904,245.70804692757883,242.4927603616802,510.16253432300215,373.7090991289808,,,,,,,,
20260910,ipw_ate,4574.608706523781,5417.563086934132,635.3119556288875,519.4679683473131,303.21528181629674,214.359907959922,634.8000094504621,,,,,,,,
20260910,dr_att,5863.313117338455,6465.694341342171,270.19978901734686,,,,,,,,,,,,
20260910,dr_ate,4801.236336681379,5417.563086934132,439.5923423901857,,,,,,,,,,,,
20260910,sub20,5749.290906759587,6465.694341342171,331.15731027710706,,,,,,,,,,,,
20260910,sub20_reg,6030.937767382508,6465.694341342171,,,,,,,,,,,,,
20260910,match,5618.028569355174,6463.1623284262905,,,,,,,451.792054724373,517.9360776682179,4823.0,455.3106374719984,,,
20260910,match_repl,5588.720093283582,6463.848669154228,,,535.8172853775609,518.7418966570019,543.7830453399565,,454.1677548710794,,4824.0,462.8174796280834,472.8181023107784,4219.0,8.0
20260910,maha,5987.579626788306,6463.1623284262905,,,,,,,350.07314731489146,,4823.0,340.41719185514626,,,
20260910,maha13,6142.736261222744,6407.89594271056,,,,,,,296.13291670109425,,4678.0,281.9721124248872,,,
20260911,odds,5705.024817452351,6472.6730785166765,376.4307464052303,249.5268514211847,243.6105159556633,511.4354338309429,376.3651183620993,,,,,,,,
20260911,ipw_ate,4265.804521849597,5408.640783397148,747.9862844671339,646.2877123051684,316.4501523385852,224.1163732721356,752.6105785381035,,,,,,,,
20260911,dr_att,5681.385770944794,6472.6730785166765,274.81925860750266,,,,,,,,,,,,
20260911,dr_ate,4719.267362982188,5408.640783397148,544.3110510266331,,,,,,,,,,,,
20260911,sub20,5807.319617936239,6472.6730785166765,331.31606361245167,,,,,,,,,,,,
20260911,sub20_reg,5939.447394772843,6472.6730785166765,,,,,,,,,,,,,
20260911,match,6266.259233160622,6471.129838341969,,,,,,,436.4112704247421,500.3078136186924,4825.0,424.5004782411667,,,
20260911,match_repl,6406.075001035841,6472.673078516677,,,514.904479178877,499.08413990401135,518.3844738165092,,436.43253991074266,,4827.0,441.97236707630594,452.48923458869655,4243.0,7.0
20260911,maha,6400.171792746114,6471.129838341969,,,,,,,343.4738764272165,,4825.0,349.6579154031156,,,
20260911,maha13,6196.160073933249,6429.80596746937,,,,,,,287.4199102253091,,4734.0,295.2160197838363,,,
20260912,odds,6059.777358758187,6502.92561454245,364.9455739089093,241.5649504222858,237.9517073867981,499.25850246055774,364.9561147040664,,,,,,,,
20260912,ipw_ate,4491.004391144335,5430.246025722266,615.0218493047313,501.2205225726498,298.9728730245523,211.39782399142072,614.9371129696169,,,,,,,,
20260912,dr_att,6066.450663477541,6502.92561454245,270.263407628031,,,,,,,,,,,,
20260912,dr_ate,4805.798686751224,5430.246025722266,418.9755510148725,,,,,,,,,,,,
20260912,sub20,5953.060076937564,6502.92561454245,323.58095579692696,,,,,,,,,,,,
20260912,sub20_reg,6259.748660213222,6502.92561454245,,,,,,,,,,,,,
20260912,match,5833.046373217607,6501.403573052283,,,,,,,445.5139126295402,508.3675088377629,4839.0,458.3881157708401,,,
20260912,match_repl,5916.506366453213,6502.92561454245,,,527.085041497667,509.5599751459723,544.2143033789082,,444.5176706326704,,4841.0,438.6196601436488,467.3609086892492,4208.0,6.0
20260912,maha,6923.5013453192805,6501.403573052283,,,,,,,336.6063580948413,,4839.0,323.0352934032724,,,
20260912,maha13,6485.764125356126,6431.182995726495,,,,,,,287.36695387790945,,4680.0,295.1895510233525,,,
20260913,odds,5922.860213010939,6363.410302655961,379.844600543138,251.8471647121789,245.62650522726548,515.5635351085705,379.9084017771277,,,,,,,,
20260913,ipw_ate,5021.750522438611,5384.321846204219,668.7986566404255,550.194005237604,308.48294464731015,218.0152772896878,667.3950527632268,,,,,,,,
20260913,dr_att,5989.861603137071,6363.410302655961,275.9968296878656,,,,,,,,,,,,
20260913,dr_ate,5135.458782399623,5384.321846204219,469.1726350864008,,,,,,,,,,,,
20260913,sub20,5776.983984767883,6363.410302655961,334.11670719616,,,,,,,,,,,,
20260913,sub20_reg,6029.903836959117,6363.410302655961,,,,,,,,,,,,,
20260913,match,5979.585994230373,6361.09526684525,,,,,,,465.45850042556816,526.7740046160152,4853.0,464.3017806737736,,,
20260913,match_repl,6017.0924423393735,6362.971243822076,,,543.1296963592814,526.4279846341641,546.3430751844422,,463.9889921781533,,4856.0,466.664049428066,479.9442588638514,4268.0,5.0
20260913,maha,6379.754386977127,6361.09526684525,,,,,,,359.5620432446255,,4853.0,346.5711057098608,,,
20260913,maha13,6111.6902958579885,6300.308438292477,,,,,,,303.2911350511258,,4732.0,296.78754584096845,,,
20260914,odds,5798.787159946343,6429.935577910081,375.1393205337052,247.77076367994445,244.3477504499817,510.2398305044494,375.0852427390536,,,,,,,,
20260914,ipw_ate,4488.466757961316,5438.067803741617,597.9016419760702,485.1793265918585,299.6533106731412,212.0857698834067,600.0657135099403,,,,,,,,
20260914,dr_att,5730.929829765947,6429.935577910081,268.84393894320107,,,,,,,,,,,,
20260914,dr_ate,4702.991301722122,5438.067803741617,414.42752597796624,,,,,,,,,,,,
20260914,sub20,5784.792985904462,6429.935577910081,332.3308249251112,,,,,,,,,,,,
20260914,sub20_reg,5863.220023897413,6429.935577910081,,,,,,,,,,,,,
20260914,match,6050.829424933251,6428.30843499692,,,,,,,451.78727813952,511.0649659916248,4869.0,437.6092485474513,,,
20260914,match_repl,6243.519404639705,6429.935577910079,,,524.7251120160247,508.6398426452926,528.6795073629272,,450.0373675023947,,4871.0,461.9620912251286,465.0536043268664,4283.0,5.0
20260914,maha,6379.176956253851,6428.30843499692,,,,,,,353.73019149111906,,4869.0,361.304667190773,,,
20260914,maha13,6223.990816099158,6397.124779611448,,,,,,,298.4168570470776,,4787.0,293.7939658484085,,,
20260915,odds,5886.708877009256,6405.209288079471,368.5750117055248,237.77142247435916,239.5715867366633,502.9275494608408,368.5010141419917,,,,,,,,
20260915,ipw_ate,4398.218216618683,5422.377843013023,613.1521656849275,495.7455639069706,298.3995823689137,211.3590662151372,617.1616816442134,,,,,,,,
20260915,dr_att,5697.831643259976,6405.209288079471,261.12560378747327,,,,,,,,,,,,
20260915,dr_ate,4759.29999088544,5422.377843013023,404.3777567192503,,,,,,,,,,,,
20260915,sub20,5938.794972725685,6405.209288079471,321.55695984125816,,,,,,,,,,,,
20260915,sub20_reg,6034.785480611135,6405.209288079471,,,,,,,,,,,,,
20260915,match,6234.453075170844,6401.931698074136,,,,,,,421.07590172137054,492.77512363621554,4829.0,423.1362692581436,,,
20260915,match_repl,6410.138817805383,6402.976850931676,,,504.487716787945,489.0510994812256,510.6437522720068,,419.6886359299491,,4830.0,418.2824392062951,440.59247455674654,4248.0,5.0
20260915,maha,5940.707386622489,6401.931698074136,,,,,,,341.5934685334563,,4829.0,329.8872242263485,,,
20260915,maha13,6115.667758644827,6366.727748845023,,,,,,,281.9906067853551,,4762.0,289.2640046171591,,,
20260916,odds,5482.328726466119,6451.158658833064,348.39288061377044,227.11542663308796,234.03214865742777,486.8245656699981,348.3915791915259,,,,,,,,
20260916,ipw_ate,3083.5642298188104,5420.147509190099,550.4185150623516,443.9646669848237,289.8214320343801,205.21623663104123,553.1980728264888,,,,,,,,
20260916,dr_att,5372.85626781439,6451.158658833064,254.85824323961495,,,,,,,,,,,,
20260916,dr_ate,3692.6060510034113,5420.147509190099,368.1243544363942,,,,,,,,,,,,
20260916,sub20,5512.413140357259,6451.158658833064,312.07170131500817,,,,,,,,,,,,
20260916,sub20_reg,5782.215407474162,6451.158658833064,,,,,,,,,,,,,
20260916,match,5473.02884467005,6443.622489340102,,,,,,,439.4219768094591,490.1415768991616,4925.0,427.2954301135375,,,
20260916,match_repl,5663.712659768716,6445.635958612294,,,505.5206910333064,488.9117740112524,515.2581252593022,,437.5476131905714,,4929.0,433.6428951462301,453.919064665758,4292.0,5.0
20260916,maha,6196.98566497462,6443.622489340102,,,,,,,329.8724849325817,,4925.0,338.6638403828875,,,
20260916,maha13,6080.4143616947495,6394.605858123569,,,,,,,282.60601427925366,,4807.0,289.6849681905056,,,
20260917,odds,5942.906439210794,6456.541978387365,365.4615432194119,238.5104721106254,237.3640475640453,499.98206877876834,365.47388071822814,,,,,,,,
20260917,ipw_ate,4269.229476613808,5395.644523497165,605.8460137960047,489.582254483784,295.5569859090044,209.26258672391185,608.7886410167473,,,,,,,,
20260917,dr_att,5853.857965053578,6456.541978387365,263.0227773730417,,,,,,,,,,,,
20260917,dr_ate,4530.1945971111545,5395.644523497165,404.0117017191327,,,,,,,,,,,,
20260917,sub20,5989.5226974068655,6456.541978387365,320.0718287993067,,,,,,,,,,,,
20260917,sub20_reg,6042.747559762007,6456.541978387365,,,,,,,,,,,,,
20260917,match,6033.071375078012,6452.707434990639,,,,,,,432.67767073816304,496.42601519852775,4807.0,406.8681738992245,,,
20260917,match_repl,6126.988436265336,6454.329858598461,,,511.0854354951971,494.9112345470948,517.8915562379048,,430.2538237926207,,4809.0,425.4585520020085,448.6431029389392,4210.0,6.0
20260917,maha,6598.480580403578,6452.707434990639,,,,,,,342.30850862480406,,4807.0,335.1434258043988,,,
20260917,maha13,6313.503164106939,6399.475610068259,,,,,,,293.5107881718805,,4688.0,300.2317278529311,,,
20260918,odds,5514.7680811435785,6363.810233360389,369.9378360164857,242.96436878237603,243.89167130518567,507.2536838575195,369.9436144261444,,,,,,,,
20260918,ipw_ate,3886.974245034042,5397.63623841588,620.3858108322797,507.5618292012643,304.4965535749127,215.47749976817835,622.1717953882378,,,,,,,,
20260918,dr_att,5409.487463829661,6363.810233360389,268.5175891419416,,,,,,,,,,,,
20260918,dr_ate,4224.305062628315,5397.63623841588,429.0048333292145,,,,,,,,,,,,
20260918,sub20,5528.458337203198,6363.810233360389,324.3879956537006,,,,,,,,,,,,
20260918,sub20_reg,5685.709360597049,6363.810233360389,,,,,,,,,,,,,
20260918,match,5845.773555329949,6361.414229441624,,,,,,,432.93451574879566,508.1277265728813,4925.0,416.009907303774,,,
20260918,match_repl,5983.866793180434,6362.751093971991,,,518.6845071477918,502.4247705464031,523.90658108794,,431.52268376771417,,4927.0,434.3494165668637,452.53822431097086,4319.0,5.0
20260918,maha,6128.307868020304,6361.414229441624,,,,,,,332.6412811646544,,4925.0,330.46833788562657,,,
20260918,maha13,5729.735096482062,6305.804635318705,,,,,,,280.7701974941491,,4785.0,279.587632463433,,,
20260919,odds,5301.758818966951,6445.435575093091,356.0480264201688,233.10953569743484,236.42095444546248,496.5002474597166,356.05295995407687,,,,,,,,
20260919,ipw_ate,3685.878201444444,5393.164614807169,544.8465204675,430.9210188915207,288.6124498485782,204.19595253085285,545.9848059692902,,,,,,,,
20260919,dr_att,5414.389968425242,6445.435575093091,260.54256104343426,,,,,,,,,,,,
20260919,dr_ate,3838.430552095441,5393.164614807169,359.69522702533857,,,,,,,,,,,,
20260919,sub20,5250.922561252958,6445.435575093091,314.99779737219524,,,,,,,,,,,,
20260919,sub20_reg,5420.712307053939,6445.435575093091,,,,,,,,,,,,,
20260919,match,4943.201597682119,6444.382992549669,,,,,,,452.1668802690609,512.1235556328073,4832.0,472.8668580033084,,,
20260919,match_repl,4910.196563922217,6445.435575093091,,,530.4982096009202,514.3925692757686,538.6452459321106,,453.5400020451664,,4834.0,443.4179696585143,471.2446025390757,4256.0,5.0
20260919,maha,5810.769383278145,6444.382992549669,,,,,,,352.5905137598682,,4832.0,348.2178327284151,,,
20260919,maha13,5603.271313904843,6381.519412890874,,,,,,,291.3834058917576,,4701.0,287.6775064244897,,,
20260920,odds,5967.966268320553,6476.550247401246,379.4216749130889,257.83931016007256,243.2045000334873,512.4398992960882,379.4404372507656,,,,,,,,
20260920,ipw_ate,4585.359422618232,5429.722910215268,646.7073633526908,538.9849767782086,303.8673997688544,214.88206673055012,646.8690593508449,,,,,,,,
20260920,dr_att,5837.70614386466,6476.550247401246,280.4244829066864,,,,,,,,,,,,
20260920,dr_ate,4992.723075412386,5429.722910215268,471.0437349126937,,,,,,,,,,,,
20260920,sub20,5891.814297723839,6476.550247401246,334.4344928508961,,,,,,,,,,,,
20260920,sub20_reg,6219.775428561722,6476.550247401246,,,,,,,,,,,,,
20260920,match,5728.471106719368,6475.193203661327,,,,,,,449.027590658562,521.612522757212,4807.0,465.3846935583427,,,
20260920,match_repl,5468.830476289518,6475.176641014975,,,540.7071290742385,524.2883770755437,554.0044809716167,,451.8626406258031,,4808.0,469.62168868568233,474.6070873264249,4233.0,7.0
20260920,maha,6957.84514458082,6475.193203661327,,,,,,,346.1924845468533,,4807.0,337.78061757294023,,,
20260920,maha13,6642.01387867123,6427.405337895637,,,,,,,300.5804746212713,,4676.0,293.9583938502094,,,
20260921,odds,5801.5769538328095,6412.137721960222,370.2965415293631,237.2212755028318,242.21511993857249,506.4763905004432,370.2927663160284,,,,,,,,
20260921,ipw_ate,4751.754500168863,5392.672627283601,649.5844533117023,531.3062842319639,305.2702458068649,216.02774159357384,651.513940905318,,,,,,,,
20260921,dr_att,5660.904988686573,6412.137721960222,262.50294264866835,,,,,,,,,,,,
20260921,dr_ate,5031.738681688498,5392.672627283601,441.9610288110956,,,,,,,,,,,,
20260921,sub20,5752.27602195574,6412.137721960222,319.4810920192308,,,,,,,,,,,,
20260921,sub20_reg,5905.624282222044,6412.137721960222,,,,,,,,,,,,,
20260921,match,5796.511963442185,6408.765323475046,,,,,,,443.9261488840234,511.53929478793,4869.0,431.56383993652565,,,
20260921,match_repl,5825.420258355547,6412.137721960222,,,528.0128979545842,511.8470743723189,534.7758823721566,,443.60303390026354,,4877.0,438.7737515895016,460.4730544904712,4289.0,7.0
20260921,maha,6426.303787225303,6408.765323475046,,,,,,,337.38527752995486,,4869.0,339.54909731540204,,,
20260921,maha13,6088.725996786812,6374.888044844929,,,,,,,281.1820233197424,,4772.0,282.74713234113767,,,
20260922,odds,6115.055982792783,6431.70784057971,378.6758885796617,251.64287521852123,243.09248957750583,509.91619381820334,378.6071673980318,,,,,,,,
20260922,ipw_ate,4465.1899991929895,5389.787916382534,648.7025252708694,537.1848875543017,304.79949837048053,215.7976342585337,651.8922551597885,,,,,,,,
20260922,dr_att,5937.842742532813,6431.70784057971,275.057100085164,,,,,,,,,,,,
20260922,dr_ate,4835.712997402472,5389.787916382534,453.0757799122331,,,,,,,,,,,,
20260922,sub20,6098.814780398179,6431.70784057971,336.98208340113155,,,,,,,,,,,,
20260922,sub20_reg,6273.732785578739,6431.70784057971,,,,,,,,,,,,,
20260922,match,6144.998953367875,6428.556020725388,,,,,,,450.4464277721209,507.1283603338619,4825.0,421.3722798905719,,,
20260922,match_repl,6326.534172020725,6428.556020725388,,,520.1903064334659,503.4493085822509,523.5350708971152,,446.758719004388,,4825.0,446.15244900936375,466.279530617406,4214.0,6.0
20260922,maha,7006.71534507772,6428.556020725388,,,,,,,338.1485530796682,,4825.0,360.74626987750753,,,
20260922,maha13,6687.02266552998,6378.809889173061,,,,,,,291.81907274224454,,4692.0,290.1214536665036,,,
20260923,odds,5329.019532203412,6393.075238781392,372.8885378084118,247.17481205985248,244.43633044153856,512.3842103615356,372.9053135570702,,,,,,,,
20260923,ipw_ate,3974.83608673801,5416.539919158309,621.9346591020712,506.0936392714963,303.5862233016476,214.74776473444905,622.7893766831437,,,,,,,,
20260923,dr_att,5247.311700823972,6393.075238781392,270.5013676837978,,,,,,,,,,,,
20260923,dr_ate,4379.333175148884,5416.539919158309,429.6794951023138,,,,,,,,,,,,
20260923,sub20,5293.6079764716005,6393.075238781392,329.60590038116635,,,,,,,,,,,,
20260923,sub20_reg,5594.5609920968245,6393.075238781392,,,,,,,,,,,,,
20260923,match,5311.474446505875,6390.54381158524,,,,,,,448.88064426502194,509.7256234592724,4851.0,461.54997413498353,,,
20260923,match_repl,4986.739087726523,6391.928228995058,,,532.5812833202432,516.3736832860939,551.7121698906152,,456.9168134306302,,4856.0,448.61050719578,478.906903706074,4274.0,8.0
20260923,maha,5718.14850340136,6390.54381158524,,,,,,,341.45924103217374,,4851.0,333.41754309198694,,,
20260923,maha13,5844.825556494787,6340.423562975486,,,,,,,294.9972944448824,,4732.0,311.0720035490779,,,
20260924,odds,5621.6786988024,6512.15590974359,355.32385389869546,236.1700026065663,234.81239549545788,490.8632067281122,355.3346194510159,,,,,,,,
20260924,ipw_ate,3883.0747735035256,5421.157455510166,613.7934281619539,513.974770837506,294.0048208091686,207.94057691621083,614.3196494077787,,,,,,,,
20260924,dr_att,5597.4747549436825,6512.15590974359,261.78481344360006,,,,,,,,,,,,
20260924,dr_ate,4163.153715631399,5421.157455510166,438.9618258468797,,,,,,,,,,,,
20260924,sub20,5543.276403689708,6512.15590974359,314.90129697724103,,,,,,,,,,,,
20260924,sub20_reg,5862.926088250071,6512.15590974359,,,,,,,,,,,,,
20260924,match,6239.278183870306,6510.269105273959,,,,,,,413.41227776470186,477.6588607470515,4873.0,396.2034075354409,,,
20260924,match_repl,6326.0789493125385,6510.269105273959,,,493.8179001373217,478.29412373398986,502.3828408741608,,411.14359930248014,,4873.0,423.17288572139273,430.0008102161745,4270.0,5.0
20260924,maha,6471.345448389082,6510.269105273959,,,,,,,333.44684971557587,,4873.0,350.1708874338336,,,
20260924,maha13,6173.08785543356,6453.598445945946,,,,,,,286.2624601184909,,4736.0,301.91392625323573,,,
20260925,odds,6018.661861459219,6445.724783938035,376.09989291045184,245.14407612956265,244.41145462983815,508.60915575216586,376.0886117675498,,,,,,,,
20260925,ipw_ate,5005.855839577147,5422.646290778138,672.0504937945093,553.1385186408888,308.06242114382525,218.0232892798599,674.29741183865,,,,,,,,
20260925,dr_att,5937.385247824042,6445.724783938035,268.3421094437969,,,,,,,,,,,,
20260925,dr_ate,5193.501815150954,5422.646290778138,457.7084726164889,,,,,,,,,,,,
20260925,sub20,6020.850990095357,6445.724783938035,329.9817155911254,,,,,,,,,,,,
20260925,sub20_reg,6088.217144499122,6445.724783938035,,,,,,,,,,,,,
20260925,match,6039.379585545121,6440.066476112699,,,,,,,449.1788381254021,517.0443712483783,4898.0,454.6200274797332,,,
20260925,match_repl,6077.033694189602,6444.944146788991,,,534.0321116380424,516.5961560110073,543.6779651693433,,447.3416394442502,,4905.0,460.2738691915115,465.9194252813477,4275.0,5.0
20260925,maha,6636.421227031442,6440.066476112699,,,,,,,341.526702798671,,4898.0,328.4630019053957,,,
20260925,maha13,6587.111193320757,6388.060454831272,,,,,,,283.0713232000491,,4771.0,292.7494146947955,,,
20260926,odds,5967.845045171693,6433.699175788796,389.0789851061231,262.27909898062995,245.31420093586263,524.5542431856461,389.06083148130136,,,,,,,,
20260926,ipw_ate,4581.494956295683,5396.105020655337,637.6157391654768,521.4577020143488,303.31229703459724,214.6141384078193,639.2140151964517,,,,,,,,
20260926,dr_att,5884.104418984711,6433.699175788796,284.49897727519374,,,,,,,,,,,,
20260926,dr_ate,4803.465476793468,5396.105020655337,440.3923540719897,,,,,,,,,,,,
20260926,sub20,5901.176408246205,6433.699175788796,349.5212500690872,,,,,,,,,,,,
20260926,sub20_reg,6060.6435620971815,6433.699175788796,,,,,,,,,,,,,
20260926,match,5964.845970790378,6431.160064432989,,,,,,,460.59928218513215,528.567085278682,4656.0,463.5150866595875,,,
20260926,match_repl,6027.505388578789,6432.693475740662,,,542.7530127548226,527.2045505163229,547.3438550402543,,460.1760317217245,,4658.0,446.5141975675775,476.9960657731947,4132.0,5.0
20260926,maha,6561.677605240549,6431.160064432989,,,,,,,358.98617884333134,,4656.0,364.25245920871726,,,
20260926,maha13,6348.875931340462,6391.471518655902,,,,,,,308.7235435942601,,4583.0,311.6600562871565,,,
20260927,odds,5740.232892465774,6503.590313028765,369.9191151806788,243.49517835570785,240.44501321090144,510.4787735064382,369.8852416745547,,,,,,,,
20260927,ipw_ate,4189.269667272827,5433.113650652154,625.7068177173144,513.8141238602838,300.398400140346,212.54214342481316,627.1748169413984,,,,,,,,
20260927,dr_att,5651.885356350387,6503.590313028765,272.38020720474793,,,,,,,,,,,,
20260927,dr_ate,4444.036929008948,5433.113650652154,429.9751146729489,,,,,,,,,,,,
20260927,sub20,5689.277147810845,6503.590313028765,325.5204848280406,,,,,,,,,,,,
20260927,sub20_reg,5876.284372084984,6503.590313028765,,,,,,,,,,,,,
20260927,match,5599.739733220412,6498.990554732162,,,,,,,429.0873274045118,496.1490774360483,4723.0,400.7533126434311,,,
20260927,match_repl,5526.591618362598,6502.767283689443,,,513.5930817895164,496.9966701029308,522.4231289393116,,429.8768874469348,,4727.0,423.023644077714,448.6283711251082,4126.0,7.0
20260927,maha,6441.115747564591,6498.574551037696,,,,,,,348.108293994496,,4722.0,355.0796638794286,,,
20260927,maha13,6144.321956380911,6452.336538544591,,,,,,,292.44086569188755,,4631.0,300.9621493370681,,,
20260928,odds,6053.002393348474,6478.612936724827,367.6495498166333,239.7251138785541,237.89707194068367,503.4035428533138,367.6688514156008,,,,,,,,
20260928,ipw_ate,5235.149800358617,5417.092326984947,653.7058555514861,536.4005099814285,301.31807547911745,212.90664244505012,651.8861329664006,,,,,,,,
20260928,dr_att,6041.167419689075,6478.612936724827,266.3826025726369,,,,,,,,,,,,
20260928,dr_ate,5243.1852847290165,5417.092326984947,450.8149199609426,,,,,,,,,,,,
20260928,sub20,5879.848506042047,6478.612936724827,313.06990225081654,,,,,,,,,,,,
20260928,sub20_reg,6097.674119761717,6478.612936724827,,,,,,,,,,,,,
20260928,match,6117.347355910812,6476.494829617164,,,,,,,427.3781527760073,506.83356522265166,4754.0,424.0790403189913,,,
20260928,match_repl,6056.934213624895,6477.813629100085,,,522.4154338784915,506.0357352836426,528.6721195135319,,426.53175044840617,,4756.0,440.36356101944784,443.5058186884972,4169.0,5.0
20260928,maha,6538.837381152713,6476.494829617164,,,,,,,342.1285134813673,,4754.0,331.14073367442444,,,
20260928,maha13,6491.982685747326,6417.405305724197,,,,,,,289.8526133076532,,4612.0,285.0381281181276,,,
20260929,odds,5383.631964694061,6463.609838269271,358.6329229074617,236.42658265014865,238.09587734313897,504.5184645985022,358.6316093229748,,,,,,,,
20260929,ipw_ate,3227.775757450654,5417.525046554063,555.2226704724538,446.56290696297134,291.0695521912901,205.8212811338094,555.2765639297417,,,,,,,,
20260929,dr_att,5227.932941049132,6463.609838269271,264.72004764033,,,,,,,,,,,,
20260929,dr_ate,3601.72496908036,5417.525046554063,371.550523259705,,,,,,,,,,,,
20260929,sub20,5292.994500454684,6463.609838269271,322.82385385959554,,,,,,,,,,,,
20260929,sub20_reg,5603.519347065273,6463.609838269271,,,,,,,,,,,,,
20260929,match,5077.117587221521,6462.188961748633,,,,,,,467.7700567712839,523.711961762263,4758.0,490.2399813072098,,,
20260929,match_repl,4842.395723587482,6463.609838269273,,,541.4797106526789,524.4029491971751,549.3141388026611,,467.99144498268674,,4761.0,486.5985238484951,486.0532346148496,4170.0,6.0
20260929,maha,6207.19908766029,6461.678789152827,,,,,,,342.6854395447881,,4757.0,345.75110687413286,,,
20260929,maha13,5810.641878329734,6413.040784017279,,,,,,,289.9033090448142,,4630.0,291.03410665719696,,,
20260930,odds,5394.215057854828,6366.186711147608,361.7608351669711,242.8042612762242,238.8585838365853,500.3072081016599,361.7310582598119,,,,,,,,
20260930,ipw_ate,3723.9487991496862,5410.566935781963,598.7072353298734,494.18679349296895,295.8865725683344,209.45150526625227,601.1817327148357,,,,,,,,
20260930,dr_att,5262.388933541995,6366.186711147608,268.3903609508617,,,,,,,,,,,,
20260930,dr_ate,4172.849056688458,5410.566935781963,414.471334310551,,,,,,,,,,,,
20260930,sub20,5395.7046971392165,6366.186711147608,319.93891134873496,,,,,,,,,,,,
20260930,sub20_reg,5658.12823929339,6366.186711147608,,,,,,,,,,,,,
20260930,match,5449.867063899733,6365.335787959729,,,,,,,437.9607052408355,499.9471026971931,4867.0,451.6019653566928,,,
20260930,match_repl,5362.596649558613,6366.186711147609,,,514.9253586806218,498.7585786227597,522.080325755213,,436.8441264894335,,4871.0,450.1027727616276,455.7504849907485,4269.0,5.0
20260930,maha,5878.431282103966,6365.335787959729,,,,,,,343.608303935066,,4867.0,346.5016736127279,,,
20260930,maha13,6126.169080676735,6327.379509228188,,,,,,,286.9942046877199,,4768.0,283.3429920176576,,,
20260931,odds,5975.857432889472,6438.835948240167,387.9347817683146,259.0609406153678,248.9257717415678,522.7273776569701,387.8942879707099,,,,,,,,
20260931,ipw_ate,4555.913896329999,5410.5160063837775,668.4394267159695,552.4675711678588,312.0491078753592,220.8323482869473,670.5727085924427,,,,,,,,
20260931,dr_att,5788.839817913741,6438.835948240167,280.4940679805973,,,,,,,,,,,,
20260931,dr_ate,4928.471229735624,5410.5160063837775,471.75541081946295,,,,,,,,,,,,
20260931,sub20,5924.209827883324,6438.835948240167,343.73122431717843,,,,,,,,,,,,
20260931,sub20_reg,6127.74858422634,6438.835948240167,,,,,,,,,,,,,
20260931,match,6232.805523316062,6436.103865284975,,,,,,,444.0180104787466,510.434609415751,4825.0,442.90200993275465,,,
20260931,match_repl,6269.833809326425,6436.103865284975,,,524.9489082034028,508.3076912627529,528.1330125103104,,441.3080846417631,,4825.0,452.3510201971585,455.2327738599208,4223.0,5.0
20260931,maha,6621.083944041451,6436.103865284975,,,,,,,349.83449978124946,,4825.0,359.8190779479148,,,
20260931,maha13,6480.20187438389,6402.9395669624,,,,,,,299.8312689478139,,4734.0,311.27730685291607,,,
20260932,odds,5616.519457743012,6422.910502861815,382.4760161104738,258.429447772996,248.6483407363583,519.5852505932179,382.4415581670377,,,,,,,,
20260932,ipw_ate,4051.311694090102,5389.688692925179,621.9348671595653,514.4791867143202,304.6761316914966,215.64726755562427,624.2400953318182,,,,,,,,
20260932,dr_att,5416.475829596226,6422.910502861815,278.4935766122143,,,,,,,,,,,,
20260932,dr_ate,4299.504771361384,5389.688692925179,438.15566145443154,,,,,,,,,,,,
20260932,sub20,5586.381131992946,6422.910502861815,344.04023730301526,,,,,,,,,,,,
20260932,sub20_reg,5727.186176845562,6422.910502861815,,,,,,,,,,,,,
20260932,match,6335.049343826656,6422.910502861815,,,,,,,457.41709438382986,502.1898680274941,4892.0,444.2677570551488,,,
20260932,match_repl,6628.385564186427,6422.910502861815,,,514.0752450614881,498.0598187416383,518.4505170607846,,452.9321638698973,,4892.0,463.8747292889346,471.32472825042265,4292.0,5.0
20260932,maha,6558.401193785773,6422.910502861815,,,,,,,355.974818105312,,4892.0,351.53913308290385,,,
20260932,maha13,6135.717404861111,6379.781035416667,,,,,,,302.0490460448096,,4800.0,315.9176824654537,,,
20260933,odds,5846.274332069039,6441.113354258213,363.23420735722783,239.94400576966663,237.09273993492917,500.1754670061791,363.2231160033797,,,,,,,,
20260933,ipw_ate,3863.813104197725,5400.154942163916,581.8503949723644,470.1171832992653,294.8527717223009,208.59855563662356,582.9697260886354,,,,,,,,
20260933,dr_att,5756.588361688801,6441.113354258213,267.96433575993257,,,,,,,,,,,,
20260933,dr_ate,4073.951563290896,5400.154942163916,398.74985503690255,,,,,,,,,,,,
20260933,sub20,5811.967350627558,6441.113354258213,321.2202765499974,,,,,,,,,,,,
20260933,sub20_reg,5967.77559733052,6441.113354258213,,,,,,,,,,,,,
20260933,match,5657.666566882981,6440.214086246599,,,,,,,442.00708209318594,507.5779721378418,4777.0,412.8555743055862,,,
20260933,match_repl,5704.812903495919,6440.214086246599,,,522.9343068305008,505.28186526027287,530.4872908231698,,437.3958062439873,,4777.0,457.77038170174416,458.38390292942137,4143.0,5.0
20260933,maha,6420.9974481892405,6440.214086246599,,,,,,,355.1454982257498,,4777.0,361.7089654099417,,,
20260933,maha13,6350.3234305734295,6387.403404118404,,,,,,,298.3231318938125,,4662.0,290.8366101272568,,,
20260934,odds,5787.114744578215,6391.012631687243,376.6397450700256,248.3400573640628,244.21187093809607,511.6157194352108,376.6620888698901,,,,,,,,
20260934,ipw_ate,5088.121950260109,5403.740428695387,638.6757237940815,519.1207685986577,303.94420451031897,214.86037121537905,637.9863159829586,,,,,,,,
20260934,dr_att,5731.978842281264,6391.012631687243,271.4682613466231,,,,,,,,,,,,
20260934,dr_ate,5063.773829438928,5403.740428695387,439.7967977366232,,,,,,,,,,,,
20260934,sub20,5630.026030120055,6391.012631687243,325.599687620938,,,,,,,,,,,,
20260934,sub20_reg,5816.762490831095,6391.012631687243,,,,,,,,,,,,,
20260934,match,5907.822119901112,6388.138700041203,,,,,,,452.6138621097726,518.5134299437975,4854.0,448.89349343079647,,,
20260934,match_repl,6072.32892798354,6391.012631687244,,,536.8251776237454,519.3042824722216,545.5012531908576,,451.7437157150052,,4860.0,462.5966523033658,473.8798801385735,4236.0,5.0
20260934,maha,5877.046990731205,6388.572313079299,,,,,,,346.8221978160435,,4855.0,359.5445554773006,,,
20260934,maha13,5798.735593208447,6335.816785939802,,,,,,,290.86729966342864,,4751.0,291.6582365970483,,,
20260935,odds,5854.195672974711,6450.54170968408,369.58809785786167,242.12234352003645,244.08211893429345,512.1110172046751,369.5478157846709,,,,,,,,
20260935,ipw_ate,4561.168195192367,5420.292979576524,627.2349799340801,516.7262411798614,303.1439232367078,214.49744523962133,628.850824187585,,,,,,,,
20260935,dr_att,5742.468563069142,6450.54170968408,265.97637016608326,,,,,,,,,,,,
20260935,dr_ate,4750.590523255237,5420.292979576524,437.8976974998358,,,,,,,,,,,,
20260935,sub20,5793.072630478837,6450.54170968408,329.7700441962754,,,,,,,,,,,,
20260935,sub20_reg,5925.494257538207,6450.54170968408,,,,,,,,,,,,,
20260935,match,5762.121828512396,6449.357167355372,,,,,,,459.11163592361976,511.2298657252603,4840.0,436.6886900347519,,,
20260935,match_repl,5738.581920297337,6450.541709684081,,,528.8425031576032,512.1411951143599,537.8725733687634,,461.0625458305022,,4843.0,438.7055236604944,478.22104321769245,4241.0,6.0
20260935,maha,6911.618194214876,6449.357167355372,,,,,,,348.2412379725884,,4840.0,350.3030560438003,,,
20260935,maha13,6706.021927127212,6396.285488626791,,,,,,,292.24220815645964,,4748.0,295.8340548763453,,,
20260936,odds,5811.692344859432,6399.271202864967,371.618326743636,240.2304401403004,242.3177140033785,512.9515735504339,371.5916063890711,,,,,,,,
20260936,ipw_ate,4041.671002987903,5398.981870211066,629.3150468894086,513.4155261624066,303.12314009281016,214.46351773763973,630.7083022794731,,,,,,,,
20260936,dr_att,5651.49944876149,6399.271202864967,267.4026458188978,,,,,,,,,,,,
20260936,dr_ate,4393.221550243943,5398.981870211066,427.6446323579187,,,,,,,,,,,,
20260936,sub20,5724.6882336900335,6399.271202864967,329.0539433569785,,,,,,,,,,,,
20260936,sub20_reg,6020.417211050475,6399.271202864967,,,,,,,,,,,,,
20260936,match,5841.107747785744,6394.258473218052,,,,,,,450.96701696907945,511.9312650112736,4742.0,421.0491414705014,,,
20260936,match_repl,5690.564742724589,6394.258473218052,,,532.2532428237799,514.4997896826197,551.9467004487741,,447.41222122890224,,4742.0,421.2595733032188,474.28669100673727,4120.0,6.0
20260936,maha,6470.568220160269,6394.258473218052,,,,,,,339.31499073239354,,4742.0,328.95962593956614,,,
20260936,maha13,6187.268637348354,6341.619371750432,,,,,,,297.90930153786354,,4616.0,296.2667436401857,,,
20260937,odds,5842.832760276509,6413.078285594816,378.13615519353175,247.42102002959348,242.6854174089996,512.6244485381983,378.1442331073534,,,,,,,,
20260937,ipw_ate,4936.072724138845,5413.056358714757,626.7715668220104,507.7971566848361,299.61773291032426,211.87869010807768,626.9628368381739,,,,,,,,
20260937,dr_att,5816.931847573268,6413.078285594816,270.2830974468893,,,,,,,,,,,,
20260937,dr_ate,4989.05113017073,5413.056358714757,432.5770628964121,,,,,,,,,,,,
20260937,sub20,5739.805918439851,6413.078285594816,331.3185306773996,,,,,,,,,,,,
20260937,sub20_reg,5870.010864670178,6413.078285594816,,,,,,,,,,,,,
20260937,match,5582.390884752144,6411.147308094542,,,,,,,450.79380935861576,519.3181000093265,4781.0,443.0575977649557,,,
20260937,match_repl,5725.704519029695,6411.875840652447,,,536.6625542078368,519.7553108545301,543.6118159120974,,449.6804523401299,,4782.0,437.9174350108992,468.1611632398894,4189.0,5.0
20260937,maha,6322.248069441539,6411.147308094542,,,,,,,337.7325007330933,,4781.0,337.2232094267325,,,
20260937,maha13,6033.698649419143,6364.120579431259,,,,,,,287.0383226725544,,4677.0,308.5489598556308,,,
20260938,odds,5830.321865360245,6509.583784968685,374.6198188671078,244.38406128196468,241.21465861353028,508.7102685266016,374.6194786600634,,,,,,,,
20260938,ipw_ate,5104.359295383212,5407.474258215963,657.4895259446877,537.6780628422609,304.8183216310801,215.607516994511,658.2894633203007,,,,,,,,
20260938,dr_att,5830.936986444157,6509.583784968685,270.227143697686,,,,,,,,,,,,
20260938,dr_ate,5342.163590510159,5407.474258215963,448.7738078082628,,,,,,,,,,,,
20260938,sub20,5806.679607705839,6509.583784968685,324.4099045793134,,,,,,,,,,,,
20260938,sub20_reg,5955.007999501973,6509.583784968685,,,,,,,,,,,,,
20260938,match,6106.83183963249,6509.68998538317,,,,,,,437.3853246601108,498.0311325529397,4789.0,414.21496455499954,,,
20260938,match_repl,6080.301653789935,6509.68998538317,,,513.1367896155309,497.38186252594886,516.1500142239199,,435.4813184064489,,4789.0,444.4403400675125,447.7498643238612,4210.0,6.0
20260938,maha,6488.186402171643,6509.68998538317,,,,,,,342.79524510592825,,4789.0,324.40780379775225,,,
20260938,maha13,6303.491360005705,6460.14459563543,,,,,,,288.1139029891259,,4674.0,283.62397761459107,,,
20260939,odds,6129.36535947552,6379.979075526207,379.17409697563033,248.86076631752357,244.8611336303465,513.483015870903,379.1195852270749,,,,,,,,
20260939,ipw_ate,4965.315642378373,5401.77225789807,673.9707351002371,564.7224960489204,305.8427851797647,216.6711661582029,678.8799825194955,,,,,,,,
20260939,dr_att,5973.380252028129,6379.979075526207,269.2273956472366,,,,,,,,,,,,
20260939,dr_ate,5365.289565617417,5401.77225789807,472.6459481421956,,,,,,,,,,,,
20260939,sub20,6269.206357082165,6379.979075526207,331.47078213915046,,,,,,,,,,,,
20260939,sub20_reg,6252.618376523924,6379.979075526207,,,,,,,,,,,,,
20260939,match,5613.941297252633,6377.20132410659,,,,,,,457.3722163123929,530.3493199908828,4841.0,445.7916074848482,,,
20260939,match_repl,5500.302078431373,6379.437484004128,,,553.8509972860079,536.3967539464908,586.2507132458463,,466.7685787785211,,4845.0,473.6442859682708,490.1954739354733,4244.0,6.0
20260939,maha,6780.91370247934,6376.704892561984,,,,,,,348.1782526595153,,4840.0,338.50231502584364,,,
20260939,maha13,6722.94875500316,6339.7062987149775,,,,,,,291.89364150002524,,4747.0,290.3328936058636,,,
20260940,odds,5891.232031436684,6391.373533199196,367.2650825142924,241.04497899008652,242.8261983315545,502.76368360766537,367.2761318186386,,,,,,,,
20260940,ipw_ate,4684.126492171352,5395.181764871591,584.1260736723859,467.6999994479455,296.7039828887294,209.76081043128715,583.710251970074,,,,,,,,
20260940,dr_att,5832.969233364731,6391.373533199196,266.1807925155896,,,,,,,,,,,,
20260940,dr_ate,4780.575350989562,5395.181764871591,393.26340799947945,,,,,,,,,,,,
20260940,sub20,5788.602087682851,6391.373533199196,327.75906295424124,,,,,,,,,,,,
20260940,sub20_reg,5965.632074826915,6391.373533199196,,,,,,,,,,,,,
20260940,match,5952.344144180428,6387.448725332259,,,,,,,445.8654606211234,501.4788065363927,4966.0,450.3053091080441,,,
20260940,match_repl,6181.517695713424,6390.156315153956,,,516.5980569392585,498.8765898869205,525.00032025944,,442.5578837963997,,4969.0,451.4152401066828,463.1079877276975,4299.0,5.0
20260940,maha,6309.06765807491,6387.448725332259,,,,,,,349.7943529144326,,4966.0,366.50798459049565,,,
20260940,maha13,6257.389656670113,6341.571999999999,,,,,,,291.01341325681267,,4835.0,284.800423494872,,,
20260941,odds,5749.488209979088,6444.200297070272,372.2759319517052,243.92717451429107,244.0309135607496,509.8612940931009,372.29842504472725,,,,,,,,
20260941,ipw_ate,4351.511173921761,5411.040967014907,630.9070079072353,517.4542876169563,305.200127690078,215.8985544800818,631.8664805544108,,,,,,,,
20260941,dr_att,5766.868974038222,6444.200297070272,270.27490005507394,,,,,,,,,,,,
20260941,dr_ate,4453.899015118534,5411.040967014907,441.1499004453339,,,,,,,,,,,,
20260941,sub20,5772.396619665573,6444.200297070272,325.12034643565744,,,,,,,,,,,,
20260941,sub20_reg,5777.825986668106,6444.200297070272,,,,,,,,,,,,,
20260941,match,5585.261935947445,6437.786345719564,,,,,,,437.1873682554381,505.7762646724083,4871.0,469.33884204163024,,,
20260941,match_repl,5686.523991389914,6441.938355883559,,,520.7466818782764,504.4485371024604,527.9992913307688,,433.6832843737554,,4878.0,411.90847532764445,452.7592430859578,4277.0,6.0
20260941,maha,5764.118320673373,6437.786345719564,,,,,,,334.744624777508,,4871.0,349.50247540215474,,,
20260941,maha13,5819.320624782578,6406.151312878313,,,,,,,279.3291224343801,,4791.0,282.8690408487528,,,
20260942,odds,6245.829410546608,6372.373361361772,407.95308636965615,266.3159912927589,257.8024310316023,538.4356242545341,407.9557020536596,,,,,,,,
20260942,ipw_ate,5549.476826955855,5405.709408873945,656.990019384233,524.3456669030547,313.76269836278857,221.9244565216751,657.6768838887369,,,,,,,,
20260942,dr_att,6125.250197114375,6372.373361361772,283.687874310384,,,,,,,,,,,,
20260942,dr_ate,5867.757700918405,5405.709408873945,442.8957931278728,,,,,,,,,,,,
20260942,sub20,6197.119650572212,6372.373361361772,367.6770520831975,,,,,,,,,,,,
20260942,sub20_reg,6328.584598516207,6372.373361361772,,,,,,,,,,,,,
20260942,match,6410.492797044942,6370.032639031398,,,,,,,484.8348094527017,536.9208548380306,4873.0,461.5963101862968,,,
20260942,match_repl,6513.339561115669,6372.373361361772,,,553.0883947235219,535.9757369069769,557.5101046560968,,483.60853541311593,,4876.0,505.8817163361407,499.5204974167936,4282.0,7.0
20260942,maha,6530.245795198031,6370.032639031398,,,,,,,359.168682922992,,4873.0,359.1216799837098,,,
20260942,maha13,6606.108702763678,6308.050403976311,,,,,,,306.5603221137929,,4728.0,298.3782156889672,,,
20260943,odds,5717.976758627927,6422.23265530854,364.5400571136803,237.02735796315756,241.66253999835183,507.7740851819111,364.510011990694,,,,,,,,
20260943,ipw_ate,4045.053303302113,5418.1141525104695,582.6481635340435,467.2106744372906,295.0978546624886,208.76376381233237,583.7046215631469,,,,,,,,
20260943,dr_att,5672.563872357358,6422.23265530854,263.3288308074636,,,,,,,,,,,,
20260943,dr_ate,4404.740698384578,5418.1141525104695,385.3467651786793,,,,,,,,,,,,
20260943,sub20,5664.510274222071,6422.23265530854,326.0502138283311,,,,,,,,,,,,
20260943,sub20_reg,5913.864427330995,6422.23265530854,,,,,,,,,,,,,
20260943,match,5642.996202452713,6420.434194554147,,,,,,,454.344018102856,506.16819805542406,4811.0,456.8952234599852,,,
20260943,match_repl,5555.538316358346,6420.434194554147,,,523.3195914779058,507.4108324515336,532.4281992788427,,456.1717873973863,,4811.0,477.183631622857,476.2119409965644,4235.0,6.0
20260943,maha,6516.161908127208,6420.434194554147,,,,,,,340.5325549273417,,4811.0,336.5031700593736,,,
20260943,maha13,6377.451602577721,6374.5216677289145,,,,,,,283.9188705692687,,4707.0,288.92476569281627,,,
20260944,odds,5750.484103270355,6446.685494873404,368.2379353264925,242.8729590629924,240.0477796552136,507.35403396651645,368.2219139674001,,,,,,,,
20260944,ipw_ate,3969.0567782521102,5412.114934769879,590.4126173801438,479.0790617966125,295.25244884177204,209.0162062463215,592.9753765378966,,,,,,,,
20260944,dr_att,5699.2042393319125,6446.685494873404,267.45136502339216,,,,,,,,,,,,
20260944,dr_ate,4483.885412209688,5412.114934769879,402.6914094189691,,,,,,,,,,,,
20260944,sub20,5707.099602263463,6446.685494873404,327.60755045203246,,,,,,,,,,,,
20260944,sub20_reg,6022.11163278083,6446.685494873404,,,,,,,,,,,,,
20260944,match,6221.5488530766015,6446.020816241105,,,,,,,441.8030032641236,492.9950109457381,4778.0,459.26982396796734,,,
20260944,match_repl,6335.805004185852,6446.020816241105,,,507.9547705365988,491.96577936444646,512.9198721639618,,441.68013156051904,,4778.0,449.2408174397671,456.81051020754376,4186.0,5.0
20260944,maha,6771.994562578484,6446.020816241105,,,,,,,335.38071978684934,,4778.0,343.6941888432048,,,
20260944,maha13,6582.34947267293,6395.674974380871,,,,,,,286.9846067585761,,4684.0,292.5977690648206,,,
20260945,odds,5773.351238995245,6418.223430089944,365.0157517440337,242.718495784514,240.889263453047,502.7892985878792,364.98007221185617,,,,,,,,
20260945,ipw_ate,3851.882225845926,5418.606842673172,584.855861135683,478.352137133875,296.7196703761952,210.1114810120319,587.9949502556949,,,,,,,,
20260945,dr_att,5538.1859153024325,6418.223430089944,267.6958042815704,,,,,,,,,,,,
20260945,dr_ate,4417.570565163287,5418.606842673172,404.455661684944,,,,,,,,,,,,
20260945,sub20,5850.242646492346,6418.223430089944,324.2095816132705,,,,,,,,,,,,
20260945,sub20_reg,6024.302703546836,6418.223430089944,,,,,,,,,,,,,
20260945,match,5894.124703233729,6414.573452722063,,,,,,,436.73261452689655,495.6868856350745,4886.0,435.7297137664472,,,
20260945,match_repl,5900.313091392353,6417.481625434471,,,515.4421152832319,497.9643922281416,524.1090203960616,,438.8310914982147,,4891.0,435.1648893312246,456.0552566791935,4239.0,5.0
20260945,maha,6648.495891504605,6414.1576069600815,,,,,,,334.8799896677427,,4885.0,344.7290687367317,,,
20260945,maha13,6250.199345598998,6362.800608404767,,,,,,,288.72265442799625,,4783.0,286.23971234700696,,,
20260946,odds,5771.057298568241,6401.752275499474,355.7972851815041,227.7033569135492,233.88303708523136,494.8084675434302,355.8162601993194,,,,,,,,
20260946,ipw_ate,4362.4090713279,5380.837166964369,585.5749904697592,465.5735912858979,291.5857594713366,206.16984665992345,585.4360381654337,,,,,,,,
20260946,dr_att,5786.624712730279,6401.752275499474,255.1680917375576,,,,,,,,,,,,
20260946,dr_ate,4495.866559226291,5380.837166964369,375.1013579448986,,,,,,,,,,,,
20260946,sub20,5642.83537605609,6401.752275499474,307.1485556238938,,,,,,,,,,,,
20260946,sub20_reg,5866.996365639405,6401.752275499474,,,,,,,,,,,,,
20260946,match,5950.307159738342,6390.756045579236,,,,,,,418.5919792000407,491.9608462718419,4739.0,420.1217558888896,,,
20260946,match_repl,5908.466788044622,6399.082913070933,,,508.0591537363239,491.6153719460199,516.8841430400056,,417.3984621412732,,4751.0,425.5795853429639,437.4231971382143,4146.0,7.0
20260946,maha,6427.119242456214,6390.756045579236,,,,,,,331.7620080438344,,4739.0,323.1894976195613,,,
20260946,maha13,6259.923402180149,6356.698194922547,,,,,,,281.4364493619961,,4648.0,279.1494742685556,,,
20260947,odds,6368.344504789082,6419.308623217923,385.3455692537296,252.78126718686264,247.94383775028749,516.939800565808,385.3374058855522,,,,,,,,
20260947,ipw_ate,5610.469934505636,5407.19380544036,703.5760046271835,579.629356854771,317.5947037992014,224.7083409301396,705.2050388329917,,,,,,,,
20260947,dr_att,6301.773999182882,6419.308623217923,277.54587381434686,,,,,,,,,,,,
20260947,dr_ate,5560.568338421648,5407.19380544036,483.8884164645299,,,,,,,,,,,,
20260947,sub20,6278.7015244445765,6419.308623217923,329.4183457165629,,,,,,,,,,,,
20260947,sub20_reg,6222.988661048783,6419.308623217923,,,,,,,,,,,,,
20260947,match,6864.497448500917,6415.079059759331,,,,,,,437.36297964828,508.725216450486,4903.0,411.0958269665877,,,
20260947,match_repl,6796.070914832927,6418.0164445802775,,,529.9301359640989,513.0015579204105,544.8066761053924,,442.2141272116253,,4908.0,470.32978414154985,461.96892213070544,4291.0,6.0
20260947,maha,6447.728888435651,6415.079059759331,,,,,,,351.60632007006086,,4903.0,341.1580296800688,,,
20260947,maha13,6290.065820854133,6368.169511231282,,,,,,,291.8622579649437,,4808.0,308.3750289247969,,,
20260948,odds,5608.947641659936,6411.6492929081,386.55752471320415,259.908284794045,248.5524902674773,525.2731184167933,386.52741830069937,,,,,,,,
20260948,ipw_ate,4315.527942626912,5430.953812241639,653.8121318785742,538.5048562831163,308.3676874455742,218.26113835587643,656.2563859721587,,,,,,,,
20260948,dr_att,5556.105980263573,6411.6492929081,282.4920665633517,,,,,,,,,,,,
20260948,dr_ate,4475.298821791906,5430.953812241639,448.40867035111575,,,,,,,,,,,,
20260948,sub20,5573.77392509203,6411.6492929081,343.008794095148,,,,,,,,,,,,
20260948,sub20_reg,5708.481165887672,6411.6492929081,,,,,,,,,,,,,
20260948,match,5386.449687237616,6411.732218723762,,,,,,,449.7622498804154,526.8032364183224,4764.0,431.82837561645823,,,
20260948,match_repl,5193.383283676038,6411.6492929081,,,542.025629475769,524.5386383698487,549.4719458981302,,449.76126854581975,,4766.0,453.4087041518702,468.4214260035251,4161.0,6.0
20260948,maha,6338.016454659949,6411.732218723762,,,,,,,353.31809555885815,,4764.0,341.98577116341204,,,
20260948,maha13,6107.983248248247,6365.156091806091,,,,,,,311.5388974285919,,4662.0,323.5994531803114,,,
20260949,odds,5926.96306355832,6496.253717051071,361.3884440186866,239.18321839359749,238.44228677367693,500.2183296065896,361.40603009760486,,,,,,,,
20260949,ipw_ate,4204.642473684165,5406.982490052896,584.4365243363359,472.6216291781318,295.001542551041,208.68701272747427,585.353747041789,,,,,,,,
20260949,dr_att,5819.008979318195,6496.253717051071,265.77154824817177,,,,,,,,,,,,
20260949,dr_ate,4340.493155425273,5406.982490052896,399.6256592058889,,,,,,,,,,,,
20260949,sub20,5882.287389916658,6496.253717051071,317.7915835682652,,,,,,,,,,,,
20260949,sub20_reg,6051.760740285763,6496.253717051071,,,,,,,,,,,,,
20260949,match,5735.161197444353,6493.27490725474,,,,,,,450.7844346492366,514.4829419894128,4852.0,444.6539100573291,,,
20260949,match_repl,5568.75215653965,6496.17120700309,,,532.8537020284334,516.8608139988072,544.0786336993305,,454.3619459998819,,4855.0,455.7975117702385,473.1496909922639,4281.0,6.0
20260949,maha,6404.575106207465,6491.586852959374,,,,,,,361.7732733558688,,4849.0,361.3024849194755,,,
20260949,maha13,6231.1658303389,6430.249465229338,,,,,,,293.7620925907524,,4731.0,319.1837579181631,,,
20260950,odds,5637.208136876761,6456.503023352794,363.0715519747706,233.82535292895076,238.7184128834142,503.8462205804741,363.0792566478095,,,,,,,,
20260950,ipw_ate,4194.213242933038,5415.019641368978,589.2853182424706,472.30360975163256,294.16686954593627,208.0976770549613,590.2360024194148,,,,,,,,
20260950,dr_att,5588.778689895888,6456.503023352794,260.6008229535853,,,,,,,,,,,,
20260950,dr_ate,4468.317555111814,5415.019641368978,389.3864926984369,,,,,,,,,,,,
20260950,sub20,5612.667136988663,6456.503023352794,320.5816980051306,,,,,,,,,,,,
20260950,sub20_reg,5760.025177101026,6456.503023352794,,,,,,,,,,,,,
20260950,match,5615.772744729701,6451.299590899604,,,,,,,455.3437161451486,516.3118635589976,4791.0,471.8035423077427,,,
20260950,match_repl,5473.189469949916,6452.213639398998,,,537.1970492814986,519.903527235281,547.0213240549359,,460.053548698958,,4792.0,454.431947903425,479.72645735434617,4185.0,4.0
20260950,maha,6036.096107284491,6451.299590899604,,,,,,,342.9204740667203,,4791.0,359.97900839437347,,,
20260950,maha13,5925.8004366781015,6393.941775300171,,,,,,,286.1792084594148,,4664.0,279.87060114320155,,,
20260951,odds,5635.896611032411,6407.464559553349,376.0911785456985,257.8830036756868,244.03273967890917,513.0109275575018,376.1149576282352,,,,,,,,
20260951,ipw_ate,3695.282321459432,5378.283442795618,668.400000682382,572.0283015237814,309.6989105170836,219.07112055909585,669.3086352188346,,,,,,,,
20260951,dr_att,5531.52121855587,6407.464559553349,283.7088691417697,,,,,,,,,,,,
20260951,dr_ate,4179.397697075021,5378.283442795618,501.9066252793494,,,,,,,,,,,,
20260951,sub20,5578.018259902201,6407.464559553349,337.2439311776334,,,,,,,,,,,,
20260951,sub20_reg,5939.573385648091,6407.464559553349,,,,,,,,,,,,,
20260951,match,6001.628979718544,6404.477170943708,,,,,,,442.5034584457872,503.37594929529007,4832.0,427.3749563112559,,,
20260951,match_repl,6090.716368715084,6405.256821849783,,,517.2850043901486,500.8037663041743,521.9328939513588,,442.7140688856392,,4833.0,437.38002117962606,461.4917540194388,4227.0,6.0
20260951,maha,6618.069726821192,6404.477170943708,,,,,,,352.43045826451583,,4832.0,333.0395235177172,,,
20260951,maha13,6270.642165278667,6339.496666666667,,,,,,,306.7192685977314,,4683.0,309.82318496536544,,,
20260952,odds,5655.931004314229,6378.2975330305535,351.8864740641664,234.82316833377945,234.620756839168,492.63302505942295,351.8980328641196,,,,,,,,
20260952,ipw_ate,3740.968830996455,5403.940220619233,545.8196336975449,439.3731591128494,288.99049313765903,204.46019329286892,546.9204522719078,,,,,,,,
20260952,dr_att,5656.736229536469,6378.2975330305535,264.5318139621922,,,,,,,,,,,,
20260952,dr_ate,3932.6059014698258,5403.940220619233,370.6765616846083,,,,,,,,,,,,
20260952,sub20,5638.638037125807,6378.2975330305535,308.30667174964,,,,,,,,,,,,
20260952,sub20_reg,5778.72255561063,6378.2975330305535,,,,,,,,,,,,,
20260952,match,5961.047002274137,6375.5612321687,,,,,,,422.12266227122126,484.334538782684,4837.0,436.4175962531906,,,
20260952,match_repl,5753.280059904978,6377.779382359017,,,503.38711222307126,486.8919797553351,514.3810358148589,,425.7385357839868,,4841.0,436.2657501687774,443.0578132624421,4217.0,5.0
20260952,maha,6227.003647642679,6376.325581058726,,,,,,,338.10634596321853,,4836.0,332.04100868590194,,,
20260952,maha13,6147.230276367737,6334.766926818951,,,,,,,282.1804939400734,,4728.0,263.89700084128555,,,
20260953,odds,5696.304659556154,6417.717604359449,371.14023132643945,246.24438307014847,242.7735007031184,508.8232603727287,371.1504708932668,,,,,,,,
20260953,ipw_ate,4251.150302324029,5419.44998407867,624.9326328847986,511.9772311806166,302.12647331583906,213.7710493813013,626.4120654425399,,,,,,,,
20260953,dr_att,5706.269832961268,6417.717604359449,270.9476954310756,,,,,,,,,,,,
20260953,dr_ate,4401.708416315291,5419.44998407867,434.2700891979243,,,,,,,,,,,,
20260953,sub20,5706.855924880233,6417.717604359449,327.6286105226207,,,,,,,,,,,,
20260953,sub20_reg,5739.150369198939,6417.717604359449,,,,,,,,,,,,,
20260953,match,5991.302903889689,6414.729654249846,,,,,,,436.90205031006224,503.94974756161,4859.0,425.9748714513097,,,
20260953,match_repl,5903.671123688002,6414.729654249846,,,519.4583114329926,504.0182776559717,527.2324606012974,,436.39599898346506,,4859.0,430.7261516554775,457.0725620924803,4290.0,4.0
20260953,maha,6144.1928442066255,6414.729654249846,,,,,,,340.0631236673178,,4859.0,335.4755423695106,,,
20260953,maha13,6156.798835755917,6360.901282915525,,,,,,,281.8981262736907,,4747.0,279.35724711366413,,,
20260954,odds,5833.3730928360965,6442.93153188022,369.84447433992096,241.23178149748227,240.19233749732317,501.49296191673295,369.8817068932312,,,,,,,,
20260954,ipw_ate,4218.410555723596,5407.640060552217,626.9328210033434,510.346031717057,300.3589795789244,212.52907234812585,628.4780675371444,,,,,,,,
20260954,dr_att,5805.830498236701,6442.93153188022,265.0180699456725,,,,,,,,,,,,
20260954,dr_ate,4617.029249131788,5407.640060552217,425.49126164465065,,,,,,,,,,,,
20260954,sub20,5798.756928927182,6442.93153188022,327.4416609050482,,,,,,,,,,,,
20260954,sub20_reg,6032.6858806042455,6442.93153188022,,,,,,,,,,,,,
20260954,match,6252.91879109659,6434.655973044721,,,,,,,424.01332105502166,485.89884383698205,4897.0,410.6104278903391,,,
20260954,match_repl,6004.979237823517,6441.518290197677,,,503.074966325745,487.3450871196069,512.0642504503444,,424.3157641190776,,4907.0,418.83139008715057,444.46990203511945,4303.0,7.0
20260954,maha,6185.989189299571,6434.655973044721,,,,,,,334.6554386111097,,4897.0,343.8821948607313,,,
20260954,maha13,6202.013549828898,6375.757418814163,,,,,,,282.71504109247235,,4773.0,266.28681549517063,,,
20260955,odds,5543.012858200847,6455.649758149316,364.80306128339714,237.2271933166375,239.99893279779369,507.8822637752991,364.83152510103855,,,,,,,,
20260955,ipw_ate,4218.307573083555,5419.145653675381,657.5979049618489,541.7716715050541,302.21587425092827,213.6709763451092,657.2545166157339,,,,,,,,
20260955,dr_att,5524.775500344434,6455.649758149316,262.8667972526339,,,,,,,,,,,,
20260955,dr_ate,4540.305695300409,5419.145653675381,448.3107704563213,,,,,,,,,,,,
20260955,sub20,5487.233849509203,6455.649758149316,319.204866339817,,,,,,,,,,,,
20260955,sub20_reg,5766.975064389757,6455.649758149316,,,,,,,,,,,,,
20260955,match,5127.964155433867,6451.862219882056,,,,,,,449.5552033232276,509.6702680080606,4748.0,463.63832235048926,,,
20260955,match_repl,5247.249818871103,6451.862219882056,,,523.9075459910728,507.1109826366139,535.8028233784011,,446.22324639924256,,4748.0,427.3347231121565,466.0598312948502,4149.0,5.0
20260955,maha,6523.0552506318445,6451.862219882056,,,,,,,342.0830492559714,,4748.0,348.0249589615925,,,
20260955,maha13,6151.319715499856,6398.756793431288,,,,,,,286.0156441832236,,4628.0,293.6100194831818,,,
20260956,odds,5648.499498118068,6439.010532829872,356.42144612199485,231.8884262627672,236.63498815671625,500.8367328293447,356.4240903140758,,,,,,,,
20260956,ipw_ate,3807.8329844997934,5406.550501194435,545.2716619516586,431.6097314594161,288.45761884001234,204.17004149022864,547.2316252057149,,,,,,,,
20260956,dr_att,5590.655497283767,6439.010532829872,256.3031154456507,,,,,,,,,,,,
20260956,dr_ate,4299.486864280938,5406.550501194435,358.8244941616059,,,,,,,,,,,,
20260956,sub20,5666.561952809746,6439.010532829872,309.54357333792666,,,,,,,,,,,,
20260956,sub20_reg,5915.570385849621,6439.010532829872,,,,,,,,,,,,,
20260956,match,6012.690699286014,6436.147314153717,,,,,,,434.1446736847721,493.10479935320393,4762.0,438.4412965715417,,,
20260956,match_repl,6108.50352854744,6437.513255667505,,,507.4329023840812,491.8524657089416,513.9841661323709,,432.50997064249,,4764.0,453.7281732187303,449.4133445747006,4188.0,5.0
20260956,maha,6137.626385972281,6436.147314153717,,,,,,,349.2203588945039,,4762.0,340.29224367368533,,,
20260956,maha13,6165.375698901726,6393.151270860077,,,,,,,282.31270022656,,4674.0,275.0113161708519,,,
20260957,odds,6154.797289546186,6440.265872251309,402.9677830562269,273.76223335188064,252.6149572873572,533.7855587452902,402.9797671534116,,,,,,,,
20260957,ipw_ate,5092.505190633696,5393.39691143695,731.6111436996861,616.0867800667801,320.7845909766076,226.91222395381888,732.628241737555,,,,,,,,
20260957,dr_att,6040.284077756431,6440.265872251309,294.5635538833032,,,,,,,,,,,,
20260957,dr_ate,5288.502791070152,5393.39691143695,532.485842674134,,,,,,,,,,,,
20260957,sub20,6081.287919292837,6440.265872251309,360.85984554360897,,,,,,,,,,,,
20260957,sub20_reg,6221.476682171883,6440.265872251309,,,,,,,,,,,,,
20260957,match,6142.502568248635,6433.745195296095,,,,,,,487.0082453651118,542.590042392279,4762.0,485.19637550828,,,
20260957,match_repl,6099.170676581482,6439.721813992459,,,560.5073891639973,542.636928635577,566.8104150690718,,488.4508603992814,,4774.0,477.8009081084791,505.1124737291761,4175.0,6.0
20260957,maha,6803.675459890802,6433.745195296095,,,,,,,359.79072703297567,,4762.0,355.4894511890158,,,
20260957,maha13,6405.950763320408,6387.812742352435,,,,,,,316.88244191126955,,4642.0,317.8709134873725,,,
20260958,odds,5574.725236194703,6408.837787739783,357.7858682591428,235.5581489490064,235.43277537149865,496.405775533478,357.81385854506783,,,,,,,,
20260958,ipw_ate,3833.488711232807,5415.725076486322,592.1795003281094,484.159469351297,296.0494039659709,209.41772295617983,592.988010253925,,,,,,,,
20260958,dr_att,5541.915166473855,6408.837787739783,265.35007727853514,,,,,,,,,,,,
20260958,dr_ate,4250.05528403197,5415.725076486322,411.0148280886556,,,,,,,,,,,,
20260958,sub20,5470.852027645412,6408.837787739783,308.9273114683409,,,,,,,,,,,,
20260958,sub20_reg,5834.546709273147,6408.837787739783,,,,,,,,,,,,,
20260958,match,5702.538910457108,6405.219340429973,,,,,,,432.7712673792601,489.4512608056573,4791.0,447.49378723225135,,,
20260958,match_repl,5817.049351407716,6408.313618352451,,,503.4552614227061,487.55657809375526,512.1025217812606,,429.7835561942574,,4795.0,408.7098673904729,448.9885190624857,4199.0,7.0
20260958,maha,6188.127182216656,6405.219340429973,,,,,,,345.9597321007346,,4791.0,348.69911476139663,,,
20260958,maha13,6024.167776102255,6346.800583800085,,,,,,,288.2789413868465,,4642.0,292.01404817915585,,,
20260959,odds,5510.335745419299,6395.850605933974,373.0236030654223,248.1619949691489,243.28036789648465,513.3969149760354,373.0396048968523,,,,,,,,
20260959,ipw_ate,3930.125957882556,5391.252240918051,631.2618703864974,516.6681102399444,305.0044533433288,215.58101497633996,630.2804686600829,,,,,,,,
20260959,dr_att,5499.350403728846,6395.850605933974,275.7367004114279,,,,,,,,,,,,
20260959,dr_ate,4106.48669339703,5391.252240918051,438.1619640399473,,,,,,,,,,,,
20260959,sub20,5366.336964598133,6395.850605933974,329.3196096236207,,,,,,,,,,,,
20260959,sub20_reg,5630.375547761487,6395.850605933974,,,,,,,,,,,,,
20260959,match,5680.241854872439,6394.766781681305,,,,,,,439.8100934152329,505.3698079662432,4782.0,442.0751754785958,,,
20260959,match_repl,5552.20570980556,6395.460430692035,,,525.4626156958191,508.76989691605297,538.3288706535665,,440.7088010282919,,4783.0,434.2730879480064,458.1207063170638,4185.0,5.0
20260959,maha,5784.990200752824,6394.766781681305,,,,,,,347.5669803315871,,4782.0,369.0278580952911,,,
20260959,maha13,5829.662246469834,6346.724193410356,,,,,,,287.900373321018,,4674.0,304.14734907125563,,,
20260960,odds,5988.874310582487,6461.622400500104,369.950311733937,244.24916471991332,240.65024698987935,507.3643421988876,369.9605334131952,,,,,,,,
20260960,ipw_ate,4361.279078388106,5401.108071936035,623.453271166647,506.876856358132,300.6039031037677,212.62950450734544,624.2241305689056,,,,,,,,
20260960,dr_att,5853.455660900993,6461.622400500104,269.2174920513632,,,,,,,,,,,,
20260960,dr_ate,4658.282969364857,5401.108071936035,422.2857136670352,,,,,,,,,,,,
20260960,sub20,5957.06027487837,6461.622400500104,329.61605254378964,,,,,,,,,,,,
20260960,sub20_reg,6110.04790047789,6461.622400500104,,,,,,,,,,,,,
20260960,match,5996.492879482903,6459.996536697247,,,,,,,445.8749232924209,511.0837654228163,4796.0,451.1924196590328,,,
20260960,match_repl,5791.176017090455,6460.74365360567,,,534.7848040809813,517.7347915113049,551.3124364908957,,450.2318543367084,,4798.0,468.3207722505939,472.6986249677888,4196.0,5.0
20260960,maha,6494.909480817348,6459.996536697247,,,,,,,345.1343256523282,,4796.0,346.14942705238985,,,
20260960,maha13,6545.400986365572,6418.987997443545,,,,,,,293.7663262034341,,4694.0,292.45932782304124,,,
20260961,odds,5054.947069216818,6412.167486475239,358.78926004432634,241.8434048140088,242.30397990381485,510.4109275045289,358.8529523955607,,,,,,,,
20260961,ipw_ate,2746.547110518615,5404.460635896474,620.9228726467352,519.3335307569707,302.3605487823286,213.65263834504745,619.2732446366012,,,,,,,,
20260961,dr_att,5026.496961348925,6412.167486475239,269.8462855800634,,,,,,,,,,,,
20260961,dr_ate,3236.891576288529,5404.460635896474,449.1747656338808,,,,,,,,,,,,
20260961,sub20,4916.87394137037,6412.167486475239,324.5274851583342,,,,,,,,,,,,
20260961,sub20_reg,5400.536730179276,6412.167486475239,,,,,,,,,,,,,
20260961,match,4814.76895295587,6410.800237302248,,,,,,,461.4817442298315,512.7547905237885,4804.0,463.8261089680877,,,
20260961,match_repl,4489.4969712739385,6410.800237302248,,,534.1226054784712,515.9654145807181,545.1790995367595,,462.8664356237056,,4804.0,456.09314344229983,482.3007209263391,4162.0,5.0
20260961,maha,5337.486292672773,6410.800237302248,,,,,,,348.5632395481997,,4804.0,356.6195684017365,,,
20260961,maha13,5534.141820325901,6349.766365780446,,,,,,,288.3270260990116,,4664.0,272.3115195847807,,,
20260962,odds,5320.1687254558965,6460.4955335489085,351.04133700841527,232.6544190369457,237.578459493412,492.8171910925808,350.9840050327816,,,,,,,,
20260962,ipw_ate,3450.1249794926625,5398.278107143695,614.8382820546664,511.5594218794752,302.35290004335434,214.0034584659093,617.1373682628165,,,,,,,,
20260962,dr_att,5208.31253368632,6460.4955335489085,263.9226215522018,,,,,,,,,,,,
20260962,dr_ate,3752.097613487274,5398.278107143695,434.58222543310137,,,,,,,,,,,,
20260962,sub20,5284.157157437652,6460.4955335489085,306.335281138152,,,,,,,,,,,,
20260962,sub20_reg,5446.000444110871,6460.4955335489085,,,,,,,,,,,,,
20260962,match,5250.969017387789,6459.255911847959,,,,,,,421.00782026687847,486.8297043094786,4946.0,431.9939018353356,,,
20260962,match_repl,5160.011560857259,6459.255911847959,,,501.47231822551777,485.0277992279845,508.3625926891839,,417.7671050502353,,4946.0,440.2457985265073,436.35519513960446,4308.0,7.0
20260962,maha,5985.105531742822,6459.255911847959,,,,,,,326.44808325320054,,4946.0,314.39217055252993,,,
20260962,maha13,5680.177926644646,6429.324861684558,,,,,,,273.38762337678554,,4844.0,269.58701179445256,,,
20260963,odds,5856.169893849492,6427.099931623931,387.5957824849862,260.5605857932422,247.5320348400649,527.1373256612485,387.5851715054498,,,,,,,,
20260963,ipw_ate,4305.4643238440185,5403.10797780605,719.1924663327247,609.3605100841049,314.29787292895463,222.40246886064745,721.1952518636751,,,,,,,,
20260963,dr_att,5748.943292848231,6427.099931623931,285.14374785030355,,,,,,,,,,,,
20260963,dr_ate,4742.746451661591,5403.10797780605,518.08392363929,,,,,,,,,,,,
20260963,sub20,5845.316089697601,6427.099931623931,345.8002125451604,,,,,,,,,,,,
20260963,sub20_reg,6098.254308067537,6427.099931623931,,,,,,,,,,,,,
20260963,match,6264.291926448578,6424.539664314731,,,,,,,457.6223095099842,522.46316341706,4677.0,441.2011042887445,,,
20260963,match_repl,6388.68184227399,6426.34882026074,,,535.859706169309,519.8116539700427,539.121698090785,,454.7205769963982,,4679.0,460.8491750170957,474.3405511482232,4127.0,5.0
20260963,maha,6618.01157579645,6424.539664314731,,,,,,,351.6237597095019,,4677.0,335.12694239656975,,,
20260963,maha13,6457.472271966222,6376.384059838392,,,,,,,302.0552943729384,,4579.0,298.2994438327226,,,
20260964,odds,5530.353163180433,6493.495788607856,377.1847057393374,250.12715436987972,244.4348717490548,511.8994990173344,377.2016939126368,,,,,,,,
20260964,ipw_ate,4263.037384971351,5416.100764089214,641.0647252745464,521.7562405791034,305.55852944228656,216.07860938973155,641.2342781748207,,,,,,,,
20260964,dr_att,5521.214393806647,6493.495788607856,272.3268752889624,,,,,,,,,,,,
20260964,dr_ate,4398.18504541871,5416.100764089214,435.7294956697385,,,,,,,,,,,,
20260964,sub20,5426.170434577441,6493.495788607856,333.79841603038227,,,,,,,,,,,,
20260964,sub20_reg,5621.48570462231,6493.495788607856,,,,,,,,,,,,,
20260964,match,5535.7019559398805,6492.027539633519,,,,,,,444.5064595482017,511.37841689194926,4857.0,462.79401626761455,,,
20260964,match_repl,5318.434443530137,6492.676251800041,,,527.8899990074805,512.3178363783691,538.7308179500762,,447.3153177613056,,4861.0,446.8020618754154,466.4480553373712,4296.0,5.0
20260964,maha,6035.314639769453,6491.738688760807,,,,,,,356.98624221137226,,4858.0,353.62477495072324,,,
20260964,maha13,6143.588127104376,6442.019741161616,,,,,,,298.9793598606026,,4752.0,319.0557622559325,,,
20260965,odds,5899.636500073975,6464.029593073594,394.18451072224383,259.8241111645489,248.8296662410251,534.8800306615209,394.2293910009065,,,,,,,,
20260965,ipw_ate,5262.5046522669,5422.165760928162,759.1252650541845,637.933455289602,318.1201183377156,224.81524182538143,757.4047014370539,,,,,,,,
20260965,dr_att,5884.033958650039,6464.029593073594,281.1873871291355,,,,,,,,,,,,
20260965,dr_ate,5333.450352668096,5422.165760928162,538.1209555533751,,,,,,,,,,,,
20260965,sub20,5765.859548170215,6464.029593073594,344.67576545014106,,,,,,,,,,,,
20260965,sub20_reg,6063.9535006115775,6464.029593073594,,,,,,,,,,,,,
20260965,match,6207.250032580365,6453.227443527368,,,,,,,457.3421571816388,526.454180828523,4604.0,467.5684381918923,,,
20260965,match_repl,6168.400658436214,6461.41850119125,,,542.8849156474407,526.4349991646366,551.7633854286506,,456.73416356377487,,4617.0,464.9874514056468,480.7335247782801,4066.0,8.0
20260965,maha,6009.079181324647,6453.544712269272,,,,,,,354.1045690125674,,4605.0,344.2724366755366,,,
20260965,maha13,6265.700124935315,6409.542357507208,,,,,,,302.7420560588471,,4509.0,317.36169638278204,,,
20260966,odds,6006.203194300622,6455.520406049306,371.76919310382897,246.09505371484545,239.52291959392252,503.7741938621613,371.7515060205212,,,,,,,,
20260966,ipw_ate,4378.022251711634,5414.244712094603,693.6270579074,589.115798263146,305.5176852981707,216.29862341808,696.8991788476691,,,,,,,,
20260966,dr_att,5824.066974370616,6455.520406049306,270.5827910835425,,,,,,,,,,,,
20260966,dr_ate,5106.112906812995,5414.244712094603,489.64608092493575,,,,,,,,,,,,
20260966,sub20,6011.722455571883,6455.520406049306,329.6420488171882,,,,,,,,,,,,
20260966,sub20_reg,6365.688427612089,6455.520406049306,,,,,,,,,,,,,
20260966,match,5788.662929711798,6453.371432718225,,,,,,,441.797625859723,505.334362954414,4823.0,431.20938564329583,,,
20260966,match_repl,5804.994292521234,6455.520406049306,,,524.7191492858252,508.0922221086182,535.7757958550275,,446.0321243996158,,4827.0,453.44766363239216,463.8830633296666,4225.0,6.0
20260966,maha,7176.743885548415,6453.371432718225,,,,,,,328.34489934845743,,4823.0,357.7745914321439,,,
20260966,maha13,6895.683590123457,6414.6116634920645,,,,,,,283.81409263659054,,4725.0,277.71088255903805,,,
20260967,odds,5556.601470259058,6415.231279189916,369.6122560903176,249.9133834101357,242.55966448486743,507.9926906722326,369.6053301951515,,,,,,,,
20260967,ipw_ate,3705.5072910927047,5416.207747096106,627.2800301297592,524.3847431390576,306.29905976283,216.8035245214681,629.6484921579059,,,,,,,,
20260967,dr_att,5469.213177870966,6415.231279189916,277.8467509843949,,,,,,,,,,,,
20260967,dr_ate,4131.489606069917,5416.207747096106,451.9767819462672,,,,,,,,,,,,
20260967,sub20,5572.90075236659,6415.231279189916,323.9077103218129,,,,,,,,,,,,
20260967,sub20_reg,5774.82852126494,6415.231279189916,,,,,,,,,,,,,
20260967,match,6036.173602150538,6412.099096360629,,,,,,,436.9334566644559,505.8727410620629,4836.0,450.2397259809955,,,
20260967,match_repl,6110.498753617197,6414.248797023564,,,518.3854562376612,502.32909090024725,525.4156990991335,,432.6946897492285,,4838.0,421.1279050640511,450.8519106509765,4248.0,6.0
20260967,maha,6089.132739867659,6412.099096360629,,,,,,,350.7484126981818,,4836.0,340.74911209215344,,,
20260967,maha13,5825.89469591015,6370.805558381014,,,,,,,298.3854030581119,,4719.0,291.7649943206888,,,
20260968,odds,5493.668641642034,6380.313982319511,365.66108130569177,239.94314150031383,239.0107697307408,505.6570674106916,365.5854212512649,,,,,,,,
20260968,ipw_ate,3985.726188848923,5393.7982178357415,586.5643429554226,472.7479431023562,294.4037209888383,208.41601540425776,589.1868216083257,,,,,,,,
20260968,dr_att,5373.808046655304,6380.313982319511,265.1706332903615,,,,,,,,,,,,
20260968,dr_ate,4375.625942947559,5393.7982178357415,395.3117774306824,,,,,,,,,,,,
20260968,sub20,5504.290706632625,6380.313982319511,319.2930394257734,,,,,,,,,,,,
20260968,sub20_reg,5718.746785269794,6380.313982319511,,,,,,,,,,,,,
20260968,match,5927.630606188171,6380.313982319512,,,,,,,422.7470110360689,490.9309824077485,4751.0,406.0247591104939,,,
20260968,match_repl,5833.482052199536,6380.313982319512,,,507.6972285987475,493.2494105564865,516.0934023151631,,421.331858149671,,4751.0,439.32393551361946,434.5729367486939,4218.0,5.0
20260968,maha,6309.858000420963,6380.313982319512,,,,,,,336.10036609970365,,4751.0,343.7100398247723,,,
20260968,maha13,6123.754715776027,6354.910238450074,,,,,,,283.27200485059024,,4697.0,287.7005780986087,,,
20260969,odds,5399.631721529862,6373.417637453494,358.0011893731266,236.8182165647549,239.3230951855004,501.9480539257762,358.0747298158895,,,,,,,,
20260969,ipw_ate,3627.5736980679794,5385.870283127571,575.0091176941687,471.299009770362,292.28782955719225,206.5719248018096,573.8539715742257,,,,,,,,
20260969,dr_att,5398.739041322449,6373.417637453494,263.0160562849739,,,,,,,,,,,,
20260969,dr_ate,3963.773893639819,5385.870283127571,404.0195185995295,,,,,,,,,,,,
20260969,sub20,5243.561729954597,6373.417637453494,321.1859193973457,,,,,,,,,,,,
20260969,sub20_reg,5644.443932186232,6373.417637453494,,,,,,,,,,,,,
20260969,match,5408.933771712159,6372.124363110009,,,,,,,424.65745243805367,488.7404911447936,4836.0,431.6502296915466,,,
20260969,match_repl,5299.4142124844975,6373.417637453493,,,511.4126137369382,494.6439294691553,530.3361228057677,,431.7717083507207,,4838.0,407.8008411625301,455.76898522245847,4214.0,8.0
20260969,maha,6235.506434332989,6371.555797311272,,,,,,,335.320007928933,,4835.0,333.6846801738731,,,
20260969,maha13,5977.133157112527,6320.599513800425,,,,,,,285.6425518553831,,4710.0,290.3732073556119,,,
20260970,odds,5428.00773765026,6431.136968569065,355.0367816069,239.9415486766844,234.89897112950388,493.1256503164815,354.99920948046906,,,,,,,,
20260970,ipw_ate,3500.147143814189,5417.985132288784,582.4713975184501,477.00596074707744,294.9535115761499,208.73923016008945,584.339496445885,,,,,,,,
20260970,dr_att,5309.316096331187,6431.136968569065,267.2225567788201,,,,,,,,,,,,
20260970,dr_ate,3900.401488906547,5417.985132288784,400.9116620134685,,,,,,,,,,,,
20260970,sub20,5416.164572622959,6431.136968569065,306.8080203023484,,,,,,,,,,,,
20260970,sub20_reg,5635.802916635201,6431.136968569065,,,,,,,,,,,,,
20260970,match,5338.712764900663,6428.992115066226,,,,,,,412.5504749547609,488.50084201396606,4832.0,410.3819678514393,,,
20260970,match_repl,5418.204762200165,6431.136968569064,,,502.6099180400884,487.0624568454885,506.3207323658088,,410.6984357937875,,4836.0,398.1949484995824,426.7301940678555,4247.0,7.0
20260970,maha,6250.062121274834,6428.992115066226,,,,,,,327.7686482934912,,4832.0,328.39412861353327,,,
20260970,maha13,6105.674750917302,6378.894940728196,,,,,,,281.0463787267677,,4724.0,294.2021542729236,,,
20260971,odds,5689.543052326822,6464.482638651877,372.1141420033714,250.48426361782583,241.21435195118613,516.0244350670341,372.12323493701535,,,,,,,,
20260971,ipw_ate,3969.9969587328887,5424.32590311451,660.3661290301259,557.8913377059441,306.5672059346327,217.02178105226105,663.1835153124015,,,,,,,,
20260971,dr_att,5577.609097723245,6464.482638651877,276.1128210196369,,,,,,,,,,,,
20260971,dr_ate,4389.401578445706,5424.32590311451,474.95267295604,,,,,,,,,,,,
20260971,sub20,5752.630979523742,6464.482638651877,325.5050746021498,,,,,,,,,,,,
20260971,sub20_reg,5900.646652948124,6464.482638651877,,,,,,,,,,,,,
20260971,match,5635.43877507469,6462.977853179684,,,,,,,447.9870800023647,517.6998469982825,4686.0,458.9642223304191,,,
20260971,match_repl,5862.770027736292,6463.601149989331,,,530.8969790407812,515.258632270414,535.9105751548653,,444.2121544624385,,4687.0,462.6432908456254,458.746344775599,4143.0,7.0
20260971,maha,6633.227673922322,6462.977853179684,,,,,,,341.4068359524477,,4686.0,350.4109922785674,,,
20260971,maha13,6243.168420324671,6406.786667394627,,,,,,,289.17468672089785,,4579.0,292.900378715029,,,
20260972,odds,6037.401439096924,6405.663407392027,353.0501522099138,228.51930030947025,231.59313903568727,487.10649488954806,353.0553334466228,,,,,,,,
20260972,ipw_ate,4531.829016063806,5395.893808070611,600.2253458604582,491.539424671194,290.46180403951735,205.4038867199844,600.4106040829781,,,,,,,,
20260972,dr_att,6017.239200984525,6405.663407392027,256.0707506625368,,,,,,,,,,,,
20260972,dr_ate,4878.37921212951,5395.893808070611,408.85870961803096,,,,,,,,,,,,
20260972,sub20,5915.544615863265,6405.663407392027,305.9414884717441,,,,,,,,,,,,
20260972,sub20_reg,6265.257301858913,6405.663407392027,,,,,,,,,,,,,
20260972,match,5695.883742726517,6402.759902327514,,,,,,,424.9966371871988,496.27484037549215,4812.0,430.9168639353933,,,
20260972,match_repl,5731.621427087661,6403.691963024512,,,512.3698559222157,495.8147235911737,520.1759941088332,,425.5526442819504,,4814.0,428.78541868652,444.0707914702524,4202.0,7.0
20260972,maha,6446.163329177058,6402.759902327514,,,,,,,320.80012933624664,,4812.0,320.89641567562273,,,
20260972,maha13,6280.192103912765,6340.512349796878,,,,,,,272.768156568164,,4677.0,264.8681151843776,,,
20260973,odds,5958.131532331332,6329.958294363258,380.8968912007881,256.4429374923483,245.9888314224657,518.4616862246755,380.8920524283634,,,,,,,,
20260973,ipw_ate,4018.249583493816,5401.390398354876,592.2578499381456,479.5914578159903,300.5031522006234,212.73863616778607,594.8659751337347,,,,,,,,
20260973,dr_att,5876.114030131572,6329.958294363258,278.5260947690577,,,,,,,,,,,,
20260973,dr_ate,4441.044216488301,5401.390398354876,402.4206205586363,,,,,,,,,,,,
20260973,sub20,5998.22240005372,6329.958294363258,341.46593265473723,,,,,,,,,,,,
20260973,sub20_reg,6219.547103612262,6329.958294363258,,,,,,,,,,,,,
20260973,match,6334.426502401337,6329.1286030486535,,,,,,,447.3627748455152,506.379905899014,4789.0,433.6684137969631,,,
20260973,match_repl,6279.145771559825,6329.1286030486535,,,521.3494642109628,505.6512109129808,528.8255062986445,,444.757859564226,,4789.0,432.8744706501508,461.8407993596162,4221.0,6.0
20260973,maha,6359.135525161829,6329.1286030486535,,,,,,,373.18007968207365,,4789.0,389.2731317572925,,,
20260973,maha13,6415.770518281861,6280.505201277956,,,,,,,314.7293099397581,,4695.0,302.57264838647336,,,
20260974,odds,5767.360398967634,6517.044075897436,360.15051747716547,236.8255770547013,238.06409338973376,497.7213021347053,360.13198377214053,,,,,,,,
20260974,ipw_ate,3817.379327232935,5417.313691719267,601.8764408529366,493.4871569179925,298.5119604475735,211.38885449163212,605.1829764399465,,,,,,,,
20260974,dr_att,5770.158313930075,6517.044075897436,266.7878612012025,,,,,,,,,,,,
20260974,dr_ate,4232.642219788743,5417.313691719267,410.8798748493239,,,,,,,,,,,,
20260974,sub20,5797.661563562936,6517.044075897436,319.58179057924576,,,,,,,,,,,,
20260974,sub20_reg,5980.094658579664,6517.044075897436,,,,,,,,,,,,,
20260974,match,5674.986399835797,6515.370242200329,,,,,,,444.0347343229342,501.2182698113315,4872.0,457.7834389313908,,,
20260974,match_repl,5781.084088205128,6517.044075897436,,,516.0994589539398,498.8423446419224,521.6391259619613,,439.409307745144,,4875.0,438.9089454262813,457.470311492096,4234.0,7.0
20260974,maha,6593.6382573891615,6515.370242200329,,,,,,,329.8132133699903,,4872.0,310.1225604090838,,,
20260974,maha13,6303.452095723591,6440.595554375531,,,,,,,288.25728927619434,,4708.0,302.7931481322093,,,
20260975,odds,6059.63113386996,6471.890539597866,371.6332113660829,242.9718497549742,238.53508872590277,499.0021648165022,371.5259737269831,,,,,,,,
20260975,ipw_ate,4758.161031944284,5409.53074590164,684.3216331823874,571.9833875519525,306.4807254388245,217.08359886982456,688.9196444752159,,,,,,,,
20260975,dr_att,5854.10845266745,6471.890539597866,268.6165608724488,,,,,,,,,,,,
20260975,dr_ate,4925.843570980731,5409.53074590164,471.6186723207449,,,,,,,,,,,,
20260975,sub20,6066.352492098907,6471.890539597866,323.5961008714587,,,,,,,,,,,,
20260975,sub20_reg,6123.564846730244,6471.890539597866,,,,,,,,,,,,,
20260975,match,6196.109905582923,6470.4626272578,,,,,,,429.8429226288445,505.6108223581699,4872.0,424.6941657959707,,,
20260975,match_repl,6354.80380952381,6470.4626272578,,,520.9204151013975,503.9059351073529,521.1404936073408,,428.90940255491614,,4872.0,428.3829457863513,442.694007847812,4246.0,4.0
20260975,maha,6332.054659277504,6470.4626272578,,,,,,,335.89863119299525,,4872.0,342.7444040847245,,,
20260975,maha13,6223.906258489113,6417.660588111742,,,,,,,283.9952727227128,,4761.0,292.1470114981603,,,
20260976,odds,5447.088734228761,6457.810980590376,354.813307458657,232.6461660211688,236.46131790662372,490.9657852385776,354.8165131128746,,,,,,,,
20260976,ipw_ate,3898.4172275714736,5406.9830700129005,602.5855431587823,493.399837817602,297.6198027729432,210.52445470620745,603.3961468158958,,,,,,,,
20260976,dr_att,5321.752083379602,6457.810980590376,260.2496595212962,,,,,,,,,,,,
20260976,dr_ate,4315.054124196903,5406.9830700129005,414.46074615534224,,,,,,,,,,,,
20260976,sub20,5327.533284451607,6457.810980590376,309.7451898458255,,,,,,,,,,,,
20260976,sub20_reg,5687.047479168464,6457.810980590376,,,,,,,,,,,,,
20260976,match,5262.958257790368,6455.2495528126265,,,,,,,428.4990299368824,497.60888463833146,4942.0,417.603371816654,,,
20260976,match_repl,5236.206243932039,6456.116565533981,,,514.0275501200447,497.48682824602383,518.432137434837,,427.7318620362014,,4944.0,427.22965992658544,442.9277179943167,4318.0,4.0
20260976,maha,6361.205685957102,6455.2495528126265,,,,,,,325.0132348296799,,4942.0,318.36891257462287,,,
20260976,maha13,6057.269026962838,6384.503558256495,,,,,,,277.92217380717,,4772.0,273.6276548106503,,,
20260977,odds,6145.912096017921,6599.857585641026,386.6557700525362,256.0842222432713,249.39806207789852,521.1138004896196,386.59678604066266,,,,,,,,
20260977,ipw_ate,4794.761578974081,5402.625823744893,679.2506293055036,568.999709212004,315.1959189373404,223.33665934193075,684.6438748259582,,,,,,,,
20260977,dr_att,5974.575750194214,6599.857585641026,281.19174566094927,,,,,,,,,,,,
20260977,dr_ate,5107.8889804026085,5402.625823744893,475.8254435483786,,,,,,,,,,,,
20260977,sub20,6168.864901312376,6599.857585641026,341.05877003862065,,,,,,,,,,,,
20260977,sub20_reg,6199.776491434375,6599.857585641026,,,,,,,,,,,,,
20260977,match,6022.955182826622,6595.413467543139,,,,,,,461.85476231104167,517.6657837715966,4868.0,494.2827781803909,,,
20260977,match_repl,5825.045723373692,6598.487865791093,,,538.9629015019664,521.7914560261327,550.0403759111952,,464.8472474278725,,4873.0,464.9291227236425,484.93940635290966,4262.0,7.0
20260977,maha,6503.33735620378,6595.413467543139,,,,,,,351.60561711841245,,4868.0,368.9920772113583,,,
20260977,maha13,6286.449164574617,6562.335581589959,,,,,,,301.0417528351869,,4780.0,319.7149057317956,,,
20260978,odds,5708.042972730633,6446.93112340781,356.37042230742395,239.2551738967929,234.7606382950103,495.0255938868,356.32986935642504,,,,,,,,
20260978,ipw_ate,3799.8079414863023,5403.259549264033,575.0358703095446,474.52117637443615,290.56444024076313,205.63674785370307,576.920835490549,,,,,,,,
20260978,dr_att,5565.469151738635,6446.93112340781,265.47890088967586,,,,,,,,,,,,
20260978,dr_ate,4217.4568065583135,5403.259549264033,400.0502030060324,,,,,,,,,,,,
20260978,sub20,5662.253419548729,6446.93112340781,315.708046803434,,,,,,,,,,,,
20260978,sub20_reg,5938.361954737393,6446.93112340781,,,,,,,,,,,,,
20260978,match,5568.882681704261,6446.098886800334,,,,,,,435.7356942535992,498.97710227600567,4788.0,430.1162973252135,,,
20260978,match_repl,5427.9269429943615,6446.93112340781,,,513.7887479622132,498.235167758646,518.7968253370213,,436.6998475725362,,4789.0,446.2263211283733,450.77886835508497,4218.0,6.0
20260978,maha,6138.459045530493,6446.098886800334,,,,,,,347.56853116524223,,4788.0,343.5980056023652,,,
20260978,maha13,5959.42771743742,6409.789338141705,,,,,,,290.75279095834367,,4714.0,296.4426411849817,,,
20260979,odds,5688.04481394506,6484.308133911965,361.6318375647711,237.51289712435903,237.04412685300565,498.0087413276418,361.63028976254174,,,,,,,,
20260979,ipw_ate,3706.229381671539,5409.589719731204,591.6749692124786,486.31025930139,294.4530038223262,208.56687235771264,595.4617709412887,,,,,,,,
20260979,dr_att,5604.697216600482,6484.308133911965,262.08544410710755,,,,,,,,,,,,
20260979,dr_ate,4239.344464892961,5409.589719731204,410.2089626165175,,,,,,,,,,,,
20260979,sub20,5774.483332711331,6484.308133911965,320.19153485828167,,,,,,,,,,,,
20260979,sub20_reg,5915.329358343155,6484.308133911965,,,,,,,,,,,,,
20260979,match,5652.43579710145,6483.819051759835,,,,,,,433.4522286441409,492.5853171210504,4830.0,428.7622986532832,,,
20260979,match_repl,5676.426032664875,6483.099332230722,,,508.32357333620416,493.17179516225787,515.8625509840813,,432.2211395639644,,4837.0,416.26338578496654,447.05792552714223,4269.0,7.0
20260979,maha,6218.7383167701855,6483.819051759835,,,,,,,346.1931735023984,,4830.0,346.4437773330623,,,
20260979,maha13,6158.66697142455,6435.453532516893,,,,,,,290.5663152103993,,4736.0,301.5394361373536,,,
20260980,odds,6135.657639885707,6558.613287671234,367.6759428403265,239.7777806880881,238.88384912589277,498.6926853955098,367.6623846387751,,,,,,,,
20260980,ipw_ate,4331.70892947798,5457.880101107253,578.7648871669785,465.75042367846487,294.9313684006231,208.7470927381499,580.8362415752446,,,,,,,,
20260980,dr_att,6038.096345997911,6558.613287671234,263.958037952043,,,,,,,,,,,,
20260980,dr_ate,4827.306638597706,5457.880101107253,388.9946364890543,,,,,,,,,,,,
20260980,sub20,6117.251308906346,6558.613287671234,326.30328275351326,,,,,,,,,,,,
20260980,sub20_reg,6468.385598378918,6558.613287671234,,,,,,,,,,,,,
20260980,match,5837.676142506143,6553.258771498771,,,,,,,444.8848750847532,503.887218196754,4884.0,439.4876296966898,,,
20260980,match_repl,5826.689938625205,6556.01040507365,,,522.5253844980116,504.879413564291,539.9236415961102,,446.175868567035,,4888.0,447.77487563344016,468.08734241740655,4239.0,11.0
20260980,maha,7083.9784599631375,6552.50539217694,,,,,,,331.7970964379736,,4883.0,328.2006119764762,,,
20260980,maha13,6756.983167227361,6487.660306980656,,,,,,,290.79466449228624,,4756.0,287.6801153307076,,,
20260981,odds,5475.024205679121,6423.934370680628,364.0359932032364,241.79405909568928,240.9150771244425,508.3547850776503,364.0451358442532,,,,,,,,
20260981,ipw_ate,3800.4002809984304,5389.177330212426,609.0502250942845,496.290293944229,299.78713944877376,212.0845758582758,610.1519628020745,,,,,,,,
20260981,dr_att,5339.273117680023,6423.934370680628,269.7651984837378,,,,,,,,,,,,
20260981,dr_ate,3997.612218252964,5389.177330212426,417.1593347129004,,,,,,,,,,,,
20260981,sub20,5405.786424732853,6423.934370680628,321.78499186248445,,,,,,,,,,,,
20260981,sub20_reg,5494.115956448296,6423.934370680628,,,,,,,,,,,,,
20260981,match,5653.825262054507,6420.898773584905,,,,,,,439.5463772428858,499.88066585592105,4770.0,429.0564639224292,,,
20260981,match_repl,5635.26005030392,6421.267683923706,,,514.171267174076,497.6005994711666,520.8850703880285,,436.2288780280031,,4771.0,420.02625569610353,460.1596115593865,4166.0,5.0
20260981,maha,6294.634041081534,6421.267683923706,,,,,,,340.9175094941489,,4771.0,348.9721444188498,,,
20260981,maha13,5830.830376817824,6376.19592091124,,,,,,,289.7634454000677,,4653.0,295.79362800475946,,,
20260982,odds,5715.807462185225,6469.0953557827215,358.5825231677257,236.92716008306252,237.81695302920843,492.5670462123822,358.58237562939115,,,,,,,,
20260982,ipw_ate,4265.104535124068,5428.492936956725,637.6243532369226,535.1010457743868,300.0969723650793,212.29665590275576,638.7190320208344,,,,,,,,
20260982,dr_att,5634.423800394729,6469.0953557827215,260.82149058606404,,,,,,,,,,,,
20260982,dr_ate,4426.081070548316,5428.492936956725,457.211672866496,,,,,,,,,,,,
20260982,sub20,5679.778438551784,6469.0953557827215,313.70195592650134,,,,,,,,,,,,
20260982,sub20_reg,5828.460627192466,6469.0953557827215,,,,,,,,,,,,,
20260982,match,5948.524851465276,6465.679718988358,,,,,,,418.9871343280231,489.4888867321073,4982.0,389.37064679523405,,,
20260982,match_repl,6058.739003009027,6466.163107321966,,,504.0417327796251,488.4278345934863,520.9959120284564,,420.9358614287447,,4985.0,418.0176885522012,448.4145358314517,4377.0,6.0
20260982,maha,6305.794293456443,6465.679718988358,,,,,,,340.9564480479356,,4982.0,333.200057951926,,,
20260982,maha13,6161.129446502056,6417.322534979424,,,,,,,291.04254233545913,,4860.0,294.98641171287494,,,
20260983,odds,5482.022876594496,6460.882408154597,354.05814421235647,232.8095301785484,235.56775227018449,500.8005843484922,354.0831256217742,,,,,,,,
20260983,ipw_ate,3331.843556956628,5403.226812156254,569.6436730461253,464.945426139816,291.6865766872616,206.48840896642312,572.013242542974,,,,,,,,
20260983,dr_att,5403.480289533351,6460.882408154597,262.49782824509833,,,,,,,,,,,,
20260983,dr_ate,3620.406216828175,5403.226812156254,388.6452128866024,,,,,,,,,,,,
20260983,sub20,5519.500279672433,6460.882408154597,314.3966358804682,,,,,,,,,,,,
20260983,sub20_reg,5629.589417352349,6460.882408154597,,,,,,,,,,,,,
20260983,match,6107.171012765957,6456.254978723405,,,,,,,441.347775592638,490.8339847136938,4700.0,454.543386207418,,,
20260983,match_repl,6014.531991921769,6458.299230442177,,,507.2599707327487,491.6499040058859,514.8971334407805,,441.4208590853635,,4704.0,452.1446896942098,455.9520071937153,4134.0,6.0
20260983,maha,5822.486668795233,6455.814297573435,,,,,,,345.13965760936526,,4698.0,344.36433268879625,,,
20260983,maha13,6246.629864049435,6402.727936750272,,,,,,,282.1471747410931,,4585.0,286.50179380585354,,,
20260984,odds,6172.296348775773,6501.090262626263,362.3138271618871,239.629283534182,240.23650550551025,499.1341253276868,362.34219520286615,,,,,,,,
20260984,ipw_ate,4413.892116505289,5450.493656412418,563.4808554578816,449.6473987547545,294.4550681873644,208.2743679753396,564.0864412746538,,,,,,,,
20260984,dr_att,6121.876519405354,6501.090262626263,262.10699296067804,,,,,,,,,,,,
20260984,dr_ate,4625.846962848987,5450.493656412418,378.2719478863499,,,,,,,,,,,,
20260984,sub20,6081.308745539477,6501.090262626263,321.90681232852216,,,,,,,,,,,,
20260984,sub20_reg,6278.120550920032,6501.090262626263,,,,,,,,,,,,,
20260984,match,5924.508381491211,6500.514972721762,,,,,,,444.6233005673602,503.9197918900237,4949.0,451.0301548501052,,,
20260984,match_repl,6059.009763588604,6500.514972721762,,,520.6932389520673,504.17264608414337,529.9384101465823,,446.0380360535231,,4949.0,442.2108852248838,465.0767217909161,4331.0,6.0
20260984,maha,6917.772830874925,6500.514972721762,,,,,,,336.64747575568634,,4949.0,346.91551055856274,,,
20260984,maha13,6580.469184024197,6462.33320272221,,,,,,,290.6200841173669,,4849.0,292.251677878984,,,
20260985,odds,5975.714430689532,6422.179611510792,395.9418624890056,259.2888622901521,253.42845453730584,531.1662805321043,395.90682690265214,,,,,,,,
20260985,ipw_ate,5183.355625052485,5397.352484444445,686.7605174338844,564.4297561725458,314.28649198921033,222.3193658316712,687.8224842273416,,,,,,,,
20260985,dr_att,6033.666437225269,6422.179611510792,277.6918550262276,,,,,,,,,,,,
20260985,dr_ate,5191.522914106103,5397.352484444445,473.3693861520948,,,,,,,,,,,,
20260985,sub20,5859.316732735838,6422.179611510792,353.99693971058497,,,,,,,,,,,,
20260985,sub20_reg,5987.791118970766,6422.179611510792,,,,,,,,,,,,,
20260985,match,6113.412754577247,6419.27457519029,,,,,,,477.6251142417712,536.9752965110431,4861.0,495.5577752061481,,,
20260985,match_repl,6252.6514541341,6420.062482517483,,,552.9974796025241,535.5733412689565,555.0317824429017,,476.1994420428274,,4862.0,477.47382069218696,492.9809134514708,4259.0,5.0
20260985,maha,5807.879572104505,6419.27457519029,,,,,,,366.4041914410805,,4861.0,361.4055433034945,,,
20260985,maha13,6267.577069604757,6378.623105981112,,,,,,,307.17772695514645,,4765.0,312.41825439887793,,,
20260986,odds,5900.192125297486,6478.4884916318,360.5382182820737,237.71388874522916,238.7883497691432,504.56009639914737,360.5603858595653,,,,,,,,
20260986,ipw_ate,3992.705160664184,5419.237048634713,580.5468263781064,467.8980383557146,295.0752761156056,208.6608610202292,580.6499826388962,,,,,,,,
20260986,dr_att,5860.837239759066,6478.4884916318,266.1165034142168,,,,,,,,,,,,
20260986,dr_ate,4390.497915586957,5419.237048634713,391.12423998749045,,,,,,,,,,,,
20260986,sub20,5777.542937627492,6478.4884916318,323.9776005193629,,,,,,,,,,,,
20260986,sub20_reg,6190.493315680631,6478.4884916318,,,,,,,,,,,,,
20260986,match,6043.743829074151,6474.626369920402,,,,,,,426.6275172453343,492.70821142161896,4774.0,438.52497658356833,,,
20260986,match_repl,6069.811393305439,6478.4884916318,,,506.52364906312016,491.6522968712301,510.7346514997144,,424.7213754102806,,4780.0,406.56111078820993,439.7553636393151,4227.0,6.0
20260986,maha,6705.277188940092,6474.626369920402,,,,,,,343.36531383301747,,4774.0,343.0795215001117,,,
20260986,maha13,6478.702238197425,6419.551489270387,,,,,,,289.7896088051305,,4660.0,295.39420261940745,,,
20260987,odds,5870.566278579121,6451.055289599335,351.4754093089104,229.06452372363023,235.61443000769955,495.6649510521172,351.4436786936746,,,,,,,,
20260987,ipw_ate,3876.227576993959,5414.293733495932,535.4709724635661,428.0667838178749,286.9610349130059,203.06749053340803,537.0046287687348,,,,,,,,
20260987,dr_att,5772.917063577137,6451.055289599335,256.1645467577656,,,,,,,,,,,,
20260987,dr_ate,4355.373696022729,5414.293733495932,359.44310676834345,,,,,,,,,,,,
20260987,sub20,5826.983148807978,6451.055289599335,312.53009008795215,,,,,,,,,,,,
20260987,sub20_reg,6156.482208948348,6451.055289599335,,,,,,,,,,,,,
20260987,match,6226.063855747246,6446.466932030764,,,,,,,421.43411643110704,482.2378310463656,4811.0,413.8825946829248,,,
20260987,match_repl,6264.557927310488,6449.483293873313,,,495.0364516858781,479.310345420277,501.68592438554646,,421.09779381310096,,4815.0,418.7581172276179,439.3567679491037,4213.0,6.0
20260987,maha,6628.8068010808565,6446.466932030764,,,,,,,324.6885448818726,,4811.0,326.44065555695664,,,
20260987,maha13,6280.025607768092,6405.203874122901,,,,,,,283.32315932452644,,4703.0,291.0084266319353,,,
20260988,odds,5443.762409350904,6419.384379795397,369.1889141223888,243.5023930948405,239.9673031367404,511.314914453426,369.2066942073857,,,,,,,,
20260988,ipw_ate,3915.331207215975,5409.665091340284,604.3209166301788,486.3470602772968,297.8042902730283,210.51319244204808,603.6099256914522,,,,,,,,
20260988,dr_att,5341.651653206665,6419.384379795397,268.936928962798,,,,,,,,,,,,
20260988,dr_ate,4186.149863884438,5409.665091340284,408.0042574952647,,,,,,,,,,,,
20260988,sub20,5287.666904857065,6419.384379795397,325.12682531957745,,,,,,,,,,,,
20260988,sub20_reg,5597.545639901243,6419.384379795397,,,,,,,,,,,,,
20260988,match,5403.841539445629,6418.326776119404,,,,,,,459.1839625017757,520.8013657863345,4690.0,433.2502635726856,,,
20260988,match_repl,5207.44530490405,6418.326776119404,,,544.6544841545227,528.5016178743059,561.4947811247633,,468.5610221382678,,4690.0,505.80056494498615,489.1409111170093,4142.0,6.0
20260988,maha,5719.873004264393,6418.326776119404,,,,,,,352.15717354907093,,4690.0,371.9092925722105,,,
20260988,maha13,5854.720024718284,6369.055899672846,,,,,,,291.346041378937,,4585.0,294.2323632484008,,,
20260989,odds,5443.810200568965,6501.412244771174,356.93294832783107,239.20911594487143,237.27511433865936,498.3141927370912,356.8511769625971,,,,,,,,
20260989,ipw_ate,3471.934451408008,5398.84258510264,604.992216892362,497.804196778873,298.1494674758308,211.07246380312824,607.7543924549869,,,,,,,,
20260989,dr_att,5376.421738708262,6501.412244771174,268.2812760927306,,,,,,,,,,,,
20260989,dr_ate,3818.211935830432,5398.84258510264,406.2694992526197,,,,,,,,,,,,
20260989,sub20,5451.964403103143,6501.412244771174,316.4964375909213,,,,,,,,,,,,
20260989,sub20_reg,5653.14378658943,6501.412244771174,,,,,,,,,,,,,
20260989,match,5662.560283761392,6501.366422949462,,,,,,,433.9994158552757,489.5342384491034,4828.0,424.0857257455664,,,
20260989,match_repl,5801.202767191384,6501.366422949462,,,503.0121799260155,486.6188548621636,506.2787094677436,,429.7570041402277,,4828.0,426.8958849199116,448.1998078236756,4209.0,6.0
20260989,maha,6514.216897265948,6501.366422949462,,,,,,,327.3010743090206,,4828.0,323.6409150494833,,,
20260989,maha13,5981.11210175737,6454.972268282313,,,,,,,280.8935748782066,,4704.0,285.0364972610106,,,
20260990,odds,5403.536103298262,6399.786572138273,342.15524022350945,226.45615170470387,232.7098012812529,488.6709688200901,342.16102187018936,,,,,,,,
20260990,ipw_ate,3322.1066474573163,5391.335435144971,525.740986667156,419.6383229228438,286.43039956868097,202.64912534673223,526.7987681624129,,,,,,,,
20260990,dr_att,5416.661602451484,6399.786572138273,257.2309044105037,,,,,,,,,,,,
20260990,dr_ate,3675.2606784040777,5391.335435144971,352.0485339833501,,,,,,,,,,,,
20260990,sub20,5331.947863620047,6399.786572138273,298.2371523934301,,,,,,,,,,,,
20260990,sub20_reg,5672.371521389424,6399.786572138273,,,,,,,,,,,,,
20260990,match,5425.699950217798,6393.224942957893,,,,,,,422.1233495023649,485.98155271774885,4821.0,413.9699283139626,,,
20260990,match_repl,5416.506835023804,6399.786572138273,,,496.8616190832721,480.5460349120359,500.8871831491381,,417.1385506854469,,4831.0,406.01788290450656,438.4538370014733,4207.0,6.0
20260990,maha,6152.868380004149,6393.224942957893,,,,,,,335.56420598032093,,4821.0,341.4343488508282,,,
20260990,maha13,5985.467889475537,6349.887577613516,,,,,,,277.1158905638646,,4735.0,272.7662244703722,,,
20260991,odds,5567.78381744515,6400.600926419348,383.1963003909785,257.21383672744275,249.68389438612357,522.0224630809842,383.1876197319556,,,,,,,,
20260991,ipw_ate,4046.7560353163135,5416.922705104458,653.8073773928755,544.4686085097198,308.4522664763776,218.2468139583132,655.3880882437819,,,,,,,,
20260991,dr_att,5500.199401296441,6400.600926419348,278.2313285718961,,,,,,,,,,,,
20260991,dr_ate,4537.959861199849,5416.922705104458,466.89803714184296,,,,,,,,,,,,
20260991,sub20,5556.651670018524,6400.600926419348,343.7948927736109,,,,,,,,,,,,
20260991,sub20_reg,5852.526053964579,6400.600926419348,,,,,,,,,,,,,
20260991,match,5819.451708017223,6399.367354931311,,,,,,,456.4230803268498,509.0305240814946,4877.0,428.9068753821432,,,
20260991,match_repl,5649.349538745387,6400.667531775318,,,528.3495555155016,511.5617677778488,544.5014667028044,,461.3612051690272,,4878.0,445.2786746690895,485.5393505226869,4268.0,6.0
20260991,maha,6071.715726004921,6398.68953445447,,,,,,,370.7715422451116,,4876.0,392.2666368272993,,,
20260991,maha13,5993.080441186737,6364.058846073299,,,,,,,302.48058190104143,,4775.0,295.1204734939154,,,
20260992,odds,5917.027992628828,6409.433747933885,364.7689892577182,236.4050894109003,236.2824856926668,494.9814566319006,364.713414709751,,,,,,,,
20260992,ipw_ate,4423.163824583069,5393.159206550896,668.9796173838721,560.0714847574887,302.6126770516144,214.2567543662675,672.3555204225657,,,,,,,,
20260992,dr_att,5824.702177723117,6409.433747933885,262.71058543536293,,,,,,,,,,,,
20260992,dr_ate,4886.0783182253,5393.159206550896,469.9023909186882,,,,,,,,,,,,
20260992,sub20,5912.273695926654,6409.433747933885,316.20580079241,,,,,,,,,,,,
20260992,sub20_reg,6168.107572245026,6409.433747933885,,,,,,,,,,,,,
20260992,match,5963.44715763343,6405.500388911874,,,,,,,434.4235366661693,499.0538115891348,4834.0,446.71509968379945,,,
20260992,match_repl,6111.278154577391,6408.652841496178,,,512.9866481855803,495.8408997977393,517.2695386148923,,427.38483147264304,,4839.0,421.2664080865528,445.175785879728,4203.0,6.0
20260992,maha,6871.397486553579,6405.500388911874,,,,,,,319.01023360353975,,4834.0,300.6662231291731,,,
20260992,maha13,6395.679435626102,6360.8889439153445,,,,,,,282.0187314921888,,4725.0,290.9664726185,,,
20260993,odds,6027.292747099709,6467.274829278265,367.4168655048461,239.873921092542,239.73441649643223,500.3526186394725,367.4367125412953,,,,,,,,
20260993,ipw_ate,4771.9731436342045,5415.208201112859,669.9126937786017,561.6025929855426,305.1995972415919,215.83262628408937,670.178688040162,,,,,,,,
20260993,dr_att,5907.880028078241,6467.274829278265,265.55561225819594,,,,,,,,,,,,
20260993,dr_ate,4906.890499618554,5415.208201112859,477.3001616458751,,,,,,,,,,,,
20260993,sub20,5938.2745580050605,6467.274829278265,322.13298237219846,,,,,,,,,,,,
20260993,sub20_reg,6142.468116254131,6467.274829278265,,,,,,,,,,,,,
20260993,match,6211.1580834526485,6465.825078748211,,,,,,,438.3434151464954,502.4380479464913,4889.0,445.2757608381168,,,
20260993,match_repl,6349.673548782982,6465.825078748211,,,519.9838538043668,501.5182448025631,527.6151327674861,,436.42717786784834,,4889.0,455.33045500314944,456.6596559924124,4207.0,9.0
20260993,maha,6435.317343014931,6465.825078748211,,,,,,,337.48466423892927,,4889.0,332.60683907796886,,,
20260993,maha13,6479.43500034904,6421.129507853403,,,,,,,287.9028786779063,,4775.0,286.1477671801396,,,
20260994,odds,5364.889442694541,6468.759827657807,360.24032248960543,236.32908252810185,238.2303458117117,500.5723737604353,360.2414344241252,,,,,,,,
20260994,ipw_ate,3891.081843958622,5401.000984782558,619.9451314386598,502.2019417832027,298.13895693560016,210.8183201950853,619.9828925409513,,,,,,,,
20260994,dr_att,5230.079399015244,6468.759827657807,262.9844965313377,,,,,,,,,,,,
20260994,dr_ate,4123.043528844013,5401.000984782558,410.2924907022698,,,,,,,,,,,,
20260994,sub20,5293.947947693519,6468.759827657807,313.65208624782895,,,,,,,,,,,,
20260994,sub20_reg,5465.522656114308,6468.759827657807,,,,,,,,,,,,,
20260994,match,5271.859127725857,6468.13595430945,,,,,,,433.0651507689873,495.1198890926326,4815.0,427.016102407421,,,
20260994,match_repl,5222.211432724252,6468.759827657807,,,510.2899248433693,494.3015374556947,518.812560001063,,430.2204484154768,,4816.0,420.5725519229283,449.36761179530953,4222.0,6.0
20260994,maha,5614.870348909657,6468.13595430945,,,,,,,343.5255127499418,,4815.0,337.3418904453249,,,
20260994,maha13,5803.275401906388,6419.139541186513,,,,,,,293.8285175870087,,4686.0,304.4313335655508,,,
20260995,odds,5384.013647043135,6430.546767944536,356.2326428522734,236.64686454552717,239.09629585582823,497.8252323815473,356.2281464691106,,,,,,,,
20260995,ipw_ate,3659.103957635103,5404.716910592055,591.0794387114886,484.5221889483536,297.6429778017716,210.49467392216252,591.4014422001555,,,,,,,,
20260995,dr_att,5361.637151319889,6430.546767944536,267.39441715140185,,,,,,,,,,,,
20260995,dr_ate,3868.788714688189,5404.716910592055,409.1059131518804,,,,,,,,,,,,
20260995,sub20,5319.766030523541,6430.546767944536,313.7477264827988,,,,,,,,,,,,
20260995,sub20_reg,5521.165278056367,6430.546767944536,,,,,,,,,,,,,
20260995,match,5741.803137254903,6424.284607843138,,,,,,,427.0159900992673,493.7687050622545,4896.0,438.4729689900462,,,
20260995,match_repl,6044.067927799306,6429.621152355701,,,501.53394586239017,485.8128425922581,508.5951618207103,,419.48459384849485,,4903.0,422.51191091046354,439.8813099466518,4298.0,6.0
20260995,maha,6516.504791666667,6424.284607843138,,,,,,,331.9094537888011,,4896.0,324.0895820830268,,,
20260995,maha13,5964.885613924934,6375.0556299707,,,,,,,286.4138780592,,4778.0,284.7419445639411,,,
20260996,odds,5788.868805976614,6463.491287003989,370.5005725175444,239.49888365713545,239.64484415153092,507.4625130921561,370.5573595413743,,,,,,,,
20260996,ipw_ate,4452.714132720466,5418.4302359418925,599.715767269656,476.3830176791431,296.4581008193888,209.43900607330556,597.6650526270176,,,,,,,,
20260996,dr_att,5809.062556112246,6463.491287003989,265.30008013785675,,,,,,,,,,,,
20260996,dr_ate,4469.407970978338,5418.4302359418925,398.3987468853388,,,,,,,,,,,,
20260996,sub20,5628.22241859329,6463.491287003989,324.9741773442527,,,,,,,,,,,,
20260996,sub20_reg,5824.317166608264,6463.491287003989,,,,,,,,,,,,,
20260996,match,5180.692725935267,6459.11641656158,,,,,,,453.3397275671122,518.7084416957005,4758.0,485.036595346168,,,
20260996,match_repl,5277.052882958605,6459.908594242488,,,534.3631677745734,518.4305506049964,538.5644385794756,,452.6088338065013,,4759.0,438.28584599165424,466.9848491821139,4200.0,5.0
20260996,maha,6140.975678856663,6459.11641656158,,,,,,,341.03191020791326,,4758.0,364.8991599741283,,,
20260996,maha13,5701.978681436868,6413.114502043451,,,,,,,291.20702390351033,,4649.0,304.29858652373554,,,
20260997,odds,5908.32630599834,6394.666844121799,370.7164380447337,248.1921652992936,242.38419017603215,502.708119745832,370.60091655408144,,,,,,,,
20260997,ipw_ate,4142.371417189381,5401.316174487217,649.7858875974503,540.4063822486474,305.3032844572389,216.36099783706945,655.4108126693607,,,,,,,,
20260997,dr_att,5682.914537756775,6394.666844121799,270.7119995197912,,,,,,,,,,,,
20260997,dr_ate,4639.494552929078,5401.316174487217,452.46488882768114,,,,,,,,,,,,
20260997,sub20,6037.311001996808,6394.666844121799,327.2010241905968,,,,,,,,,,,,
20260997,sub20_reg,6150.572917166247,6394.666844121799,,,,,,,,,,,,,
20260997,match,6110.629501815248,6393.761157724889,,,,,,,434.1543383153412,496.5421061887524,4958.0,428.6299848090909,,,
20260997,match_repl,6027.267539826578,6394.666844121799,,,512.634801089064,498.0555122036118,522.666511701327,,434.9427633541301,,4959.0,425.9987492433528,452.9388855019443,4403.0,6.0
20260997,maha,6653.728543179985,6392.299895076675,,,,,,,348.4842208810863,,4956.0,342.9181662737388,,,
20260997,maha13,6514.787495565562,6361.557623823169,,,,,,,299.3527020547877,,4886.0,316.5729724610853,,,
20260998,odds,5549.0272727674965,6444.209742161715,373.243114016874,244.6796655370346,243.259144713039,510.173683541462,373.1962335730517,,,,,,,,
20260998,ipw_ate,4408.412628773542,5431.275241566844,654.4894745635461,541.3613224243626,303.73497484810684,214.91173525825573,656.1570407450225,,,,,,,,
20260998,dr_att,5468.759209720641,6444.209742161715,267.450466039647,,,,,,,,,,,,
20260998,dr_ate,4593.708072465332,5431.275241566844,455.6487219569288,,,,,,,,,,,,
20260998,sub20,5504.84408265432,6444.209742161715,328.9383865200824,,,,,,,,,,,,
20260998,sub20_reg,5640.700955785348,6444.209742161715,,,,,,,,,,,,,
20260998,match,6078.854133663367,6444.209742161716,,,,,,,429.70041630342894,497.5998609982586,4848.0,435.30651283676326,,,
20260998,match_repl,6113.139540016501,6444.209742161716,,,515.3316997701953,499.3759488574189,525.8272203992173,,431.2402742733086,,4848.0,432.4384287229039,451.2078789638648,4257.0,5.0
20260998,maha,6014.886132425741,6444.209742161716,,,,,,,330.5096243224418,,4848.0,336.3963628377152,,,
20260998,maha13,6180.2792018581085,6402.535663006756,,,,,,,277.0686936819791,,4736.0,278.81670810735176,,,
20260999,odds,5740.641941659622,6484.91927432886,378.9137485957942,247.8738213526841,245.50374704557768,519.4057120915389,378.87114420800174,,,,,,,,
20260999,ipw_ate,4304.840017024442,5439.929002435939,625.0044643895328,505.6975200317067,302.4742085476709,214.00158418185512,626.3806269531577,,,,,,,,
20260999,dr_att,5746.0950697925,6484.91927432886,270.5966270511905,,,,,,,,,,,,
20260999,dr_ate,4412.498998401711,5439.929002435939,422.809482030881,,,,,,,,,,,,
20260999,sub20,5635.573241583665,6484.91927432886,338.91076015646405,,,,,,,,,,,,
20260999,sub20_reg,5853.86573827974,6484.91927432886,,,,,,,,,,,,,
20260999,match,5861.987061909757,6482.344816369359,,,,,,,459.68300008659264,515.8190974727323,4765.0,478.7608328217639,,,
20260999,match_repl,5787.642632683029,6484.098965806587,,,531.5907408106498,514.904878243321,537.6286706082444,,458.4669877495661,,4767.0,459.9541383266058,477.6619961222818,4178.0,5.0
20260999,maha,5999.507928211587,6483.046532325777,,,,,,,352.8397846158383,,4764.0,357.856895657788,,,
20260999,maha13,5818.687325755951,6432.496789620416,,,,,,,293.3169207557258,,4663.0,309.80616621768894,,,
20261000,odds,5723.1778369992535,6468.703591549295,364.43115850221966,237.9830788312333,238.7720223321578,501.6085576136729,364.4397884692364,,,,,,,,
20261000,ipw_ate,4571.674958889598,5442.062520304211,616.443733466299,500.2894648429853,296.02632490291035,209.3322841104549,616.5570986386812,,,,,,,,
20261000,dr_att,5721.607320684344,6468.703591549295,261.0210291417053,,,,,,,,,,,,
20261000,dr_ate,4755.97835313619,5442.062520304211,417.5467326007762,,,,,,,,,,,,
20261000,sub20,5676.371353627112,6468.703591549295,316.2929889314378,,,,,,,,,,,,
20261000,sub20_reg,5792.189890686884,6468.703591549295,,,,,,,,,,,,,
20261000,match,6079.609227423363,6468.703591549296,,,,,,,417.47588844755495,485.9825921949404,4828.0,399.97615504731823,,,
20261000,match_repl,5918.159552609776,6468.703591549296,,,505.3022986180426,488.9425349320528,516.4370208174643,,420.04038587220464,,4828.0,407.1855709778813,440.0157697218109,4213.0,5.0
20261000,maha,6274.757563704164,6467.637893101305,,,,,,,333.4510336125087,,4827.0,337.9954740316588,,,
20261000,maha13,6180.183142331635,6413.175275891341,,,,,,,280.756750703735,,4712.0,285.941452480894,,,
20261001,odds,5677.499145958696,6459.965095594347,369.7504103968636,244.5269824352393,241.3794955218933,507.9254363909987,369.7671157440535,,,,,,,,
20261001,ipw_ate,4094.410945825199,5441.259639184938,576.9636087360951,461.50160754611824,294.04388944182114,207.9130650866008,576.8823296249066,,,,,,,,
20261001,dr_att,5663.101229547455,6459.965095594347,267.7524233327824,,,,,,,,,,,,
20261001,dr_ate,4235.020843064881,5441.259639184938,385.264390777636,,,,,,,,,,,,
20261001,sub20,5567.867110999682,6459.965095594347,330.936169066967,,,,,,,,,,,,
20261001,sub20_reg,5795.069120293414,6459.965095594347,,,,,,,,,,,,,
20261001,match,5833.686686082796,6455.308302475556,,,,,,,444.0942628062151,505.0896759079348,4807.0,444.5669552941122,,,
20261001,match_repl,6016.364242046164,6456.780996049074,,,518.829024650748,502.2983156672111,523.8011740633731,,439.99589363182565,,4809.0,450.6784421395228,461.2115374427933,4206.0,5.0
20261001,maha,6224.379950072811,6455.308302475556,,,,,,,346.7459786869728,,4807.0,354.9774665918484,,,
20261001,maha13,6174.237685698054,6415.4176885385605,,,,,,,290.86402318064745,,4694.0,289.5387876090119,,,
20261002,odds,5825.136475051444,6491.529735427863,361.0542487401749,233.6120746032692,238.43126034387387,500.3816861492604,360.97765378093743,,,,,,,,
20261002,ipw_ate,4098.029936450279,5435.337768866376,587.0681349756595,476.0121549814235,297.5149202003609,210.63461697688405,589.8526147263113,,,,,,,,
20261002,dr_att,5695.55323937921,6491.529735427863,261.76624796649514,,,,,,,,,,,,
20261002,dr_ate,4524.17787192818,5435.337768866376,400.5215303972534,,,,,,,,,,,,
20261002,sub20,5777.768534296632,6491.529735427863,320.38311843302887,,,,,,,,,,,,
20261002,sub20_reg,6093.1630964159485,6491.529735427863,,,,,,,,,,,,,
20261002,match,6224.887367549669,6488.470376655629,,,,,,,419.2435016935988,483.6321619503574,4832.0,411.51052115757767,,,
20261002,match_repl,6050.310339123242,6489.991251033912,,,499.3870668697836,484.072509788888,506.21677705484416,,420.6902802475734,,4836.0,404.44019345134825,438.5683176281353,4252.0,5.0
20261002,maha,6159.644079056291,6488.470376655629,,,,,,,338.6652306575499,,4832.0,332.6744661641093,,,
20261002,maha13,6236.956976145768,6473.069655747967,,,,,,,274.04052328365947,,4793.0,279.06817592004165,,,
20261003,odds,5336.847506711751,6412.668350515463,354.0051301022612,232.72681667938937,237.40195746729276,493.1091231440318,353.9705651711104,,,,,,,,
20261003,ipw_ate,3423.4735889857548,5426.750243365423,561.0253988745138,450.8937696130423,293.46151244913915,207.64272746131627,562.4035794458681,,,,,,,,
20261003,dr_att,5221.757552442856,6412.668350515463,260.93346314841097,,,,,,,,,,,,
20261003,dr_ate,3816.821223254508,5426.750243365423,378.5322502064661,,,,,,,,,,,,
20261003,sub20,5280.627791948412,6412.668350515463,313.829800690794,,,,,,,,,,,,
20261003,sub20_reg,5576.927290445254,6412.668350515463,,,,,,,,,,,,,
20261003,match,5804.258008912296,6404.641276078591,,,,,,,420.3671708219586,482.87433392414727,4937.0,436.17981790967696,,,
20261003,match_repl,5947.317199191101,6411.063055611729,,,497.0205183830195,480.6406717052957,505.89744310871936,,419.4064081650441,,4945.0,423.9877407421754,443.0346127537534,4304.0,5.0
20261003,maha,5776.223115252178,6404.641276078591,,,,,,,342.9154333137573,,4937.0,329.43598333523767,,,
20261003,maha13,5909.089994496044,6359.505973168215,,,,,,,279.2586328962525,,4845.0,287.553381894124,,,
20261004,odds,5338.138381700421,6483.105890834192,346.00225834960526,229.54850322087563,231.31001992448367,484.7492074490918,345.93128229185913,,,,,,,,
20261004,ipw_ate,2950.932148454238,5419.63010172034,602.4080895656346,497.6673473230966,295.3777759086738,209.1306672941233,605.361424207374,,,,,,,,
20261004,dr_att,5092.693758826503,6483.105890834192,263.83511849291347,,,,,,,,,,,,
20261004,dr_ate,3451.2963880068464,5419.63010172034,413.2315939574801,,,,,,,,,,,,
20261004,sub20,5277.424929182464,6483.105890834192,302.58860117834234,,,,,,,,,,,,
20261004,sub20_reg,5521.502555723754,6483.105890834192,,,,,,,,,,,,,
20261004,match,5394.804843363561,6480.42668590272,,,,,,,409.3535326337475,481.8971863539988,4852.0,394.5303319564336,,,
20261004,match_repl,5393.083213107997,6480.42668590272,,,495.1929565234848,479.2147642483636,502.6478358460648,,406.3950341338714,,4852.0,430.1407144499031,425.18031634946266,4236.0,6.0
20261004,maha,6174.92016697588,6479.445918367347,,,,,,,325.28248714254653,,4851.0,329.2486728982065,,,
20261004,maha13,5771.440758542464,6408.490957039558,,,,,,,275.1434152823137,,4702.0,271.9379775387768,,,
20261005,odds,5575.8772095516615,6424.22753821072,358.93061998771066,235.77352947809948,238.4634816435159,496.84463975515615,358.90099291396524,,,,,,,,
20261005,ipw_ate,3938.0665336101447,5429.238799755914,567.9876973673519,452.2571920109549,294.6102423317906,208.5453002577156,570.2854538610931,,,,,,,,
20261005,dr_att,5537.67584689142,6424.22753821072,262.81000054152213,,,,,,,,,,,,
20261005,dr_ate,4171.628095096569,5429.238799755914,380.2201703175382,,,,,,,,,,,,
20261005,sub20,5554.426378529651,6424.22753821072,313.5592603380139,,,,,,,,,,,,
20261005,sub20_reg,5702.507499282262,6424.22753821072,,,,,,,,,,,,,
20261005,match,5557.177833095287,6420.002858600286,,,,,,,437.7787235886197,500.2290201363288,4901.0,446.5293861647021,,,
20261005,match_repl,5609.1394535073405,6421.882402120717,,,516.0282359408992,498.9861688937045,522.4914374298519,,435.9167890266965,,4904.0,420.6475628914907,456.3479044601442,4267.0,5.0
20261005,maha,6030.459508163265,6419.560716326531,,,,,,,335.033177902012,,4900.0,321.90662237728924,,,
20261005,maha13,5843.415836805556,6370.831777083333,,,,,,,278.68644305701895,,4800.0,276.11389872736964,,,
20261006,odds,5390.746724758723,6431.363282522448,357.39737436943267,230.8318794184639,236.07675570497605,497.1369673097207,357.35704046607685,,,,,,,,
20261006,ipw_ate,4102.554203888976,5428.081025822094,652.0945894820065,536.6666932281192,298.62124550585816,211.40951713620797,655.0991054069849,,,,,,,,
20261006,dr_att,5190.709946031313,6431.363282522448,256.444764265515,,,,,,,,,,,,
20261006,dr_ate,4355.130158523672,5428.081025822094,431.21035768894495,,,,,,,,,,,,
20261006,sub20,5413.787971880371,6431.363282522448,306.6338182364469,,,,,,,,,,,,
20261006,sub20_reg,5438.264460607695,6431.363282522448,,,,,,,,,,,,,
20261006,match,5824.993366750209,6430.870705931496,,,,,,,422.16759784632006,491.9024435115789,4788.0,432.1855506059448,,,
20261006,match_repl,5751.548621841721,6431.363282522447,,,511.9335415259145,496.4361227354096,526.7773539388165,,425.5312730795524,,4789.0,435.0567468358189,443.46339225694106,4218.0,5.0
20261006,maha,5801.477917710944,6430.870705931496,,,,,,,340.530111561884,,4788.0,333.7805356183103,,,
20261006,maha13,5816.615697987528,6387.465556972788,,,,,,,271.6868389687493,,4704.0,264.72897002172795,,,
20261007,odds,5611.764782019087,6437.814158639066,366.50681983518666,245.0496858605225,240.435021643728,502.4289444424361,366.4744751992096,,,,,,,,
20261007,ipw_ate,3966.3613451878846,5400.193566500846,639.0659020944594,531.7267906573891,302.4479087098937,214.0404470767447,641.1091848701071,,,,,,,,
20261007,dr_att,5422.010673027425,6437.814158639066,269.79663499004414,,,,,,,,,,,,
20261007,dr_ate,4252.261509166192,5400.193566500846,447.4179530306837,,,,,,,,,,,,
20261007,sub20,5550.820154310508,6437.814158639066,322.25760201006307,,,,,,,,,,,,
20261007,sub20_reg,5757.672190348658,6437.814158639066,,,,,,,,,,,,,
20261007,match,6171.002433873283,6436.646134919008,,,,,,,424.9160302889299,492.2238905617236,4877.0,444.78275628886416,,,
20261007,match_repl,6137.940912072146,6437.814158639066,,,509.58320239347614,493.4759840006431,516.1775370424876,,426.6495505720852,,4879.0,435.0392572264009,443.6519253477815,4272.0,5.0
20261007,maha,6523.853655936026,6436.646134919008,,,,,,,338.74269548517213,,4877.0,354.4554964452944,,,
20261007,maha13,6044.01966603522,6379.593081456535,,,,,,,293.5771052938029,,4751.0,301.5250567787455,,,
